title,url,time_published,authors,summary,banner_image,source,category_within_source,source_domain,topics,overall_sentiment_score,overall_sentiment_label,ticker_sentiment
Taiwan Semi Founder Calls For New Strategy After Intel Chief's Departure - Intel  ( NASDAQ:INTC ) ,https://www.benzinga.com/24/12/42435733/taiwan-semi-founder-calls-for-new-strategy-after-intel-chiefs-departure,2024-12-11 13:20:12,['Anusuya Lahiri'],Taiwan Semiconductor Manufacturing Co TSM founder Morris Chang told Reuters Monday that Intel Corp INTC should have focused on developing its artificial intelligence moat instead of contract chipmaking. Chang's comments followed Intel chief Pat Gelsinger's departure after he failed to impress the ...,https://editorial-assets.benzinga.com/wp-content/uploads/2024/12/11034935/newplot-7.png,Benzinga,Trading,www.benzinga.com,"[{'topic': 'Technology', 'relevance_score': '0.5'}, {'topic': 'Financial Markets', 'relevance_score': '0.94762'}, {'topic': 'Manufacturing', 'relevance_score': '0.5'}]",0.193988,Somewhat-Bullish,"[{'ticker': 'AAPL', 'relevance_score': '0.172713', 'ticker_sentiment_score': '-0.109702', 'ticker_sentiment_label': 'Neutral'}, {'ticker': 'QCOM', 'relevance_score': '0.172713', 'ticker_sentiment_score': '-0.109702', 'ticker_sentiment_label': 'Neutral'}, {'ticker': 'INTC', 'relevance_score': '0.843862', 'ticker_sentiment_score': '0.155254', 'ticker_sentiment_label': 'Somewhat-Bullish'}, {'ticker': 'SPGI', 'relevance_score': '0.08687', 'ticker_sentiment_score': '-0.028465', 'ticker_sentiment_label': 'Neutral'}, {'ticker': 'MCHP', 'relevance_score': '0.172713', 'ticker_sentiment_score': '0.0', 'ticker_sentiment_label': 'Neutral'}, {'ticker': 'ASML', 'relevance_score': '0.172713', 'ticker_sentiment_score': '0.0', 'ticker_sentiment_label': 'Neutral'}, {'ticker': 'TSM', 'relevance_score': '0.172713', 'ticker_sentiment_score': '0.276079', 'ticker_sentiment_label': 'Somewhat-Bullish'}]"
"A Tech Renaissance Could Offer Enticing Opportunities In Direxion's QQQU, QQQD ETFs - Apple  ( NASDAQ:AAPL ) , Amazon.com  ( NASDAQ:AMZN ) ",https://www.benzinga.com/trading-ideas/long-ideas/24/12/42434184/a-tech-renaissance-could-offer-enticing-opportunities-in-direxions-qqqu-qqqd-etfs,2024-12-11 12:38:44,['JE Insights'],"Late last month, JPMorgan analysts stated that with other global regions struggling with various challenges, the U.S. will likely remain the global growth leader. Much of this bold assertion centers on artificial intelligence.",https://lh7-rt.googleusercontent.com/docsz/AD_4nXe4P6cPMEpTNjuJBcSs2ydqd2LucEFbfAZGMZYqyIxv11MQ3mWxLrxqLoy-ojlhPdfnToHEkR49LZF-h423JJED722YKhSk5PVJ3Z8y_TMgiGdgZfeM7-RdXZWSm9wQkD4ITeAX?key=E9CiGBgn4GpLBA34bQoWpAL8,Benzinga,Trading,www.benzinga.com,"[{'topic': 'Technology', 'relevance_score': '0.5'}, {'topic': 'Financial Markets', 'relevance_score': '0.967321'}, {'topic': 'Manufacturing', 'relevance_score': '0.5'}]",0.16621,Somewhat-Bullish,"[{'ticker': 'MSFT', 'relevance_score': '0.110209', 'ticker_sentiment_score': '0.106273', 'ticker_sentiment_label': 'Neutral'}, {'ticker': 'GOOG', 'relevance_score': '0.164656', 'ticker_sentiment_score': '0.071931', 'ticker_sentiment_label': 'Neutral'}, {'ticker': 'META', 'relevance_score': '0.110209', 'ticker_sentiment_score': '0.106273', 'ticker_sentiment_label': 'Neutral'}, {'ticker': 'NVDA', 'relevance_score': '0.110209', 'ticker_sentiment_score': '0.106273', 'ticker_sentiment_label': 'Neutral'}, {'ticker': 'AAPL', 'relevance_score': '0.110209', 'ticker_sentiment_score': '0.106273', 'ticker_sentiment_label': 'Neutral'}, {'ticker': 'TSLA', 'relevance_score': '0.218325', 'ticker_sentiment_score': '0.208013', 'ticker_sentiment_label': 'Somewhat-Bullish'}]"
Is Nvidia the Top Artificial Intelligence  ( AI )  Stock to Own in 2025?,https://www.fool.com/investing/2024/12/11/is-nvidia-the-top-artificial-intelligence-ai-stock/,2024-12-11 12:00:00,['Keithen Drury'],"Few stocks have done as consistently well as Nvidia ( NASDAQ: NVDA ) over the past two years. Since the start of 2023, it's up around 900% after posting incredible returns in both 2023 and 2024. Now the question is, can Nvidia three-peat and be a top performer in 2025?2025 will likely be the most ...",https://media.ycharts.com/charts/9d92dc9f39db5ccd5b950d3f4efa0941.png,Motley Fool,n/a,www.fool.com,"[{'topic': 'Retail & Wholesale', 'relevance_score': '0.333333'}, {'topic': 'Financial Markets', 'relevance_score': '0.54554'}, {'topic': 'Manufacturing', 'relevance_score': '0.333333'}, {'topic': 'Earnings', 'relevance_score': '0.857896'}, {'topic': 'Technology', 'relevance_score': '0.333333'}]",0.296959,Somewhat-Bullish,"[{'ticker': 'MSFT', 'relevance_score': '0.132368', 'ticker_sentiment_score': '0.231528', 'ticker_sentiment_label': 'Somewhat-Bullish'}, {'ticker': 'META', 'relevance_score': '0.066414', 'ticker_sentiment_score': '0.229839', 'ticker_sentiment_label': 'Somewhat-Bullish'}, {'ticker': 'NVDA', 'relevance_score': '0.595343', 'ticker_sentiment_score': '0.362568', 'ticker_sentiment_label': 'Bullish'}, {'ticker': 'AAPL', 'relevance_score': '0.066414', 'ticker_sentiment_score': '0.128892', 'ticker_sentiment_label': 'Neutral'}, {'ticker': 'AMZN', 'relevance_score': '0.066414', 'ticker_sentiment_score': '0.229839', 'ticker_sentiment_label': 'Somewhat-Bullish'}]"
Computer Hardware Manufacturing Market Set to Reach US$ 765.64 Billion with a Robust 10% CAGR by 2034 | Fact.MR Report,https://www.benzinga.com/pressreleases/24/12/g42433138/computer-hardware-manufacturing-market-set-to-reach-us-765-64-billion-with-a-robust-10-cagr-by-203,2024-12-11 12:00:00,['Globe Newswire'],"Rockville, MD, Dec. 11, 2024 ( GLOBE NEWSWIRE ) -- According to a new industry report compiled by Fact.MR, a market research and competitive intelligence provider, valuation of the global computer hardware manufacturing market is projected to touch US$ 295.7 billion in 2024 and expand at a ...",https://ml.globenewswire.com/Resource/Download/7e8dd516-ccbf-4299-9039-2532102fdf71/computer-hardware-manufacturing-market.png,Benzinga,News,www.benzinga.com,"[{'topic': 'Financial Markets', 'relevance_score': '0.161647'}, {'topic': 'Manufacturing', 'relevance_score': '0.5'}, {'topic': 'Earnings', 'relevance_score': '0.161647'}, {'topic': 'Technology', 'relevance_score': '0.5'}]",0.289344,Somewhat-Bullish,"[{'ticker': 'LNVGF', 'relevance_score': '0.072545', 'ticker_sentiment_score': '-0.015246', 'ticker_sentiment_label': 'Neutral'}, {'ticker': 'MSFT', 'relevance_score': '0.03631', 'ticker_sentiment_score': '0.0', 'ticker_sentiment_label': 'Neutral'}, {'ticker': 'SSNLF', 'relevance_score': '0.072545', 'ticker_sentiment_score': '0.070433', 'ticker_sentiment_label': 'Neutral'}, {'ticker': 'NVDA', 'relevance_score': '0.03631', 'ticker_sentiment_score': '0.0', 'ticker_sentiment_label': 'Neutral'}, {'ticker': 'AAPL', 'relevance_score': '0.03631', 'ticker_sentiment_score': '0.0', 'ticker_sentiment_label': 'Neutral'}, {'ticker': 'INTC', 'relevance_score': '0.03631', 'ticker_sentiment_score': '0.0', 'ticker_sentiment_label': 'Neutral'}, {'ticker': 'AMD', 'relevance_score': '0.072545', 'ticker_sentiment_score': '0.0', 'ticker_sentiment_label': 'Neutral'}, {'ticker': 'HPQ', 'relevance_score': '0.03631', 'ticker_sentiment_score': '0.0', 'ticker_sentiment_label': 'Neutral'}, {'ticker': 'DELL', 'relevance_score': '0.03631', 'ticker_sentiment_score': '0.0', 'ticker_sentiment_label': 'Neutral'}]"
Should Vanguard Russell 1000 Growth ETF  ( VONG )  Be on Your Investing Radar?,https://www.zacks.com/stock/news/2381885/should-vanguard-russell-1000-growth-etf-vong-be-on-your-investing-radar,2024-12-11 11:20:08,['Zacks Equity Research'],Style Box ETF report for VONG ...,https://staticx-tuner.zacks.com/images/default_article_images/default296.jpg,Zacks Commentary,n/a,www.zacks.com,"[{'topic': 'Financial Markets', 'relevance_score': '0.999998'}, {'topic': 'Manufacturing', 'relevance_score': '0.333333'}, {'topic': 'Earnings', 'relevance_score': '0.310843'}, {'topic': 'Technology', 'relevance_score': '0.333333'}, {'topic': 'Finance', 'relevance_score': '0.333333'}]",0.24455,Somewhat-Bullish,"[{'ticker': 'MSFT', 'relevance_score': '0.126784', 'ticker_sentiment_score': '0.069436', 'ticker_sentiment_label': 'Neutral'}, {'ticker': 'NVDA', 'relevance_score': '0.126784', 'ticker_sentiment_score': '0.069436', 'ticker_sentiment_label': 'Neutral'}, {'ticker': 'AAPL', 'relevance_score': '0.126784', 'ticker_sentiment_score': '0.069436', 'ticker_sentiment_label': 'Neutral'}, {'ticker': 'IVZ', 'relevance_score': '0.126784', 'ticker_sentiment_score': '0.105557', 'ticker_sentiment_label': 'Neutral'}]"
Should You Invest in the Fidelity MSCI Information Technology Index ETF  ( FTEC ) ?,https://www.zacks.com/stock/news/2381897/should-you-invest-in-the-fidelity-msci-information-technology-index-etf-ftec,2024-12-11 11:20:06,['Zacks Equity Research'],Sector ETF report for ...,https://staticx-tuner.zacks.com/images/default_article_images/default46.jpg,Zacks Commentary,n/a,www.zacks.com,"[{'topic': 'Technology', 'relevance_score': '0.5'}, {'topic': 'Financial Markets', 'relevance_score': '1.0'}, {'topic': 'Manufacturing', 'relevance_score': '0.5'}]",0.17521,Somewhat-Bullish,"[{'ticker': 'MSFT', 'relevance_score': '0.132368', 'ticker_sentiment_score': '0.051927', 'ticker_sentiment_label': 'Neutral'}, {'ticker': 'NVDA', 'relevance_score': '0.132368', 'ticker_sentiment_score': '0.051927', 'ticker_sentiment_label': 'Neutral'}, {'ticker': 'AAPL', 'relevance_score': '0.132368', 'ticker_sentiment_score': '0.051927', 'ticker_sentiment_label': 'Neutral'}]"
Is Elon Musk Apple TV's 'Slow Horses' Fan? His Reply To Tim Cook Has Everyone Guessing - Apple  ( NASDAQ:AAPL ) ,https://www.benzinga.com/24/12/42431109/did-elon-musk-just-give-his-nod-to-apple-tv-show-slow-horses-his-reaction-to-tim-cooks-post-about-meeting-jack-lo,2024-12-11 09:39:24,['Ananya Gairola'],"On Tuesday, Apple Inc. AAPL CEO Tim Cook's post about meeting ""Slow Horses"" star Jack Lowden drew an unexpected reaction from Tesla Inc. CEO Elon Musk, generating speculation among social media users.",https://cdn.benzinga.com/files/images/story/2024/12/11/Tesla-Apple-Elon-Musk-and-Tim-Cook.jpeg?width=1200&height=800&fit=crop,Benzinga,News,www.benzinga.com,"[{'topic': 'Technology', 'relevance_score': '0.5'}, {'topic': 'Manufacturing', 'relevance_score': '0.5'}]",0.329822,Somewhat-Bullish,"[{'ticker': 'AAPL', 'relevance_score': '0.350564', 'ticker_sentiment_score': '0.189388', 'ticker_sentiment_label': 'Somewhat-Bullish'}, {'ticker': 'TSLA', 'relevance_score': '0.120431', 'ticker_sentiment_score': '-0.141974', 'ticker_sentiment_label': 'Neutral'}]"
"Tesla Tops Nvidia And Apple In Innovation: Analyst Sees Significant Market Cap Upside For Elon Musk-Led EV Giant - Apple  ( NASDAQ:AAPL ) , Amazon.com  ( NASDAQ:AMZN ) ",https://www.benzinga.com/tech/24/12/42430502/tesla-tops-nvidia-and-apple-in-innovation-analyst-sees-significant-market-cap-upside-for-elon-musk-led-ev-gi,2024-12-11 08:12:30,['Ananya Gairola'],"Gene Munster, managing partner at Deepwater Asset Management, has asserted Tesla Inc. TSLA as the most innovative company, surpassing tech giants like Apple Inc. AAPL, Alphabet Inc. GOOG GOOGL, and Nvidia Corporation NVDA.",https://editorial-assets.benzinga.com/wp-content/uploads/2024/12/11015750/Screenshot-2024-12-11-at-12.27.45%E2%80%AFPM-1024x380.png,Benzinga,News,www.benzinga.com,"[{'topic': 'Financial Markets', 'relevance_score': '0.503496'}, {'topic': 'Manufacturing', 'relevance_score': '0.333333'}, {'topic': 'Technology', 'relevance_score': '0.333333'}, {'topic': 'Finance', 'relevance_score': '0.333333'}]",0.208055,Somewhat-Bullish,"[{'ticker': 'MSFT', 'relevance_score': '0.162255', 'ticker_sentiment_score': '0.160552', 'ticker_sentiment_label': 'Somewhat-Bullish'}, {'ticker': 'GOOG', 'relevance_score': '0.241284', 'ticker_sentiment_score': '0.238132', 'ticker_sentiment_label': 'Somewhat-Bullish'}, {'ticker': 'NVDA', 'relevance_score': '0.241284', 'ticker_sentiment_score': '0.238132', 'ticker_sentiment_label': 'Somewhat-Bullish'}, {'ticker': 'AAPL', 'relevance_score': '0.241284', 'ticker_sentiment_score': '0.238132', 'ticker_sentiment_label': 'Somewhat-Bullish'}, {'ticker': 'TSLA', 'relevance_score': '0.694113', 'ticker_sentiment_score': '0.163837', 'ticker_sentiment_label': 'Somewhat-Bullish'}, {'ticker': 'MS', 'relevance_score': '0.081552', 'ticker_sentiment_score': '-0.049862', 'ticker_sentiment_label': 'Neutral'}]"
"Apple Watch Ultra Could Feature Satellite Texting And Blood Pressure Measurements: Here's What We Know - Apple  ( NASDAQ:AAPL ) , Garmin  ( NYSE:GRMN ) ",https://www.benzinga.com/24/12/42430306/apples-watch-ultra-next-year-could-come-with-satellite-texting-and-non-invasive-blood-pressure-technology-heres-w,2024-12-11 07:42:08,['Ananya Gairola'],"Apple Inc. AAPL is reportedly set to introduce satellite texting and a non-invasive blood pressure tool in its upcoming Watch Ultra. What Happened: The satellite feature will allow users to send texts via Globalstar Inc.'s GSAT satellites without cellular or Wi-Fi, reported Bloomberg, citing ...",https://cdn.benzinga.com/files/images/story/2024/12/11/1--Apple-Watch-Ultra-2.jpeg?width=1200&height=800&fit=crop,Benzinga,News,www.benzinga.com,"[{'topic': 'Financial Markets', 'relevance_score': '0.108179'}, {'topic': 'Manufacturing', 'relevance_score': '0.5'}, {'topic': 'Earnings', 'relevance_score': '0.108179'}, {'topic': 'Technology', 'relevance_score': '0.5'}]",0.078478,Neutral,"[{'ticker': 'GRMN', 'relevance_score': '0.239305', 'ticker_sentiment_score': '0.0', 'ticker_sentiment_label': 'Neutral'}, {'ticker': 'AAPL', 'relevance_score': '0.639128', 'ticker_sentiment_score': '0.201759', 'ticker_sentiment_label': 'Somewhat-Bullish'}]"
"HPQ Soars 21% YTD: Should You Buy, Sell or Hold the Stock?",https://www.zacks.com/stock/news/2381647/hpq-soars-21-ytd-should-you-buy-sell-or-hold-the-stock,2024-12-10 16:02:00,['Subham Roy'],"HP's 21% YTD rise is impressive, but valuation and market challenges suggest holding the stock for steady long-term gains.",https://staticx-tuner.zacks.com/images/articles/main/d5/736.jpg,Zacks Commentary,n/a,www.zacks.com,"[{'topic': 'Earnings', 'relevance_score': '0.961735'}, {'topic': 'Technology', 'relevance_score': '1.0'}, {'topic': 'Financial Markets', 'relevance_score': '0.316726'}]",0.305285,Somewhat-Bullish,"[{'ticker': 'HPQ', 'relevance_score': '0.353338', 'ticker_sentiment_score': '0.443754', 'ticker_sentiment_label': 'Bullish'}, {'ticker': 'AAPL', 'relevance_score': '0.081138', 'ticker_sentiment_score': '0.141791', 'ticker_sentiment_label': 'Neutral'}, {'ticker': 'DELL', 'relevance_score': '0.081138', 'ticker_sentiment_score': '0.141791', 'ticker_sentiment_label': 'Neutral'}]"
"Copa Am√©rica, Summer Olympics, Donald Trump, Presidential Election, Hurricanes And More Top 10 Google Searches In 2024 - Apple  ( NASDAQ:AAPL ) , Comcast  ( NASDAQ:CMCSA ) ",https://www.benzinga.com/general/education/24/12/42417615/copa-america-summer-olympics-donald-trump-presidential-election-hurricanes-and-more-top-10-goog,2024-12-10 16:01:34,['Chris Katje'],"A look at the top searched items, news stories and people on Google in 2024. The 2024 U.S. presidential election drew huge attention from people around the world. Get Monthly Picks of Market's Fastest Movers As 2024 draws to a close, it leaves behind a series of impactful and memorable news ...",https://cdn.benzinga.com/files/images/story/2024/12/10/Chiangmai--Thailand---Jan-02-2018--Close.jpeg?width=1200&height=800&fit=crop,Benzinga,General,www.benzinga.com,"[{'topic': 'Technology', 'relevance_score': '1.0'}]",0.311893,Somewhat-Bullish,"[{'ticker': 'NFLX', 'relevance_score': '0.154455', 'ticker_sentiment_score': '0.238552', 'ticker_sentiment_label': 'Somewhat-Bullish'}, {'ticker': 'GOOG', 'relevance_score': '0.504646', 'ticker_sentiment_score': '0.294582', 'ticker_sentiment_label': 'Somewhat-Bullish'}, {'ticker': 'AAPL', 'relevance_score': '0.154455', 'ticker_sentiment_score': '-0.070855', 'ticker_sentiment_label': 'Neutral'}, {'ticker': 'CCZ', 'relevance_score': '0.077593', 'ticker_sentiment_score': '0.164431', 'ticker_sentiment_label': 'Somewhat-Bullish'}, {'ticker': 'CRWD', 'relevance_score': '0.154455', 'ticker_sentiment_score': '-0.216083', 'ticker_sentiment_label': 'Somewhat-Bearish'}]"
"Competitor Analysis: Evaluating Apple And Competitors In Technology Hardware, Storage & Peripherals Industry - Apple  ( NASDAQ:AAPL ) ",https://www.benzinga.com/insights/news/24/12/42415654/competitor-analysis-evaluating-apple-and-competitors-in-technology-hardware-storage-amp-peripherals,2024-12-10 15:00:28,['Benzinga Insights'],"In the ever-evolving and intensely competitive business landscape, conducting a thorough company analysis is of utmost importance for investors and industry followers.",https://www.benzinga.com/files/images/story/2024/1733842825_0.png,Benzinga,Markets,www.benzinga.com,"[{'topic': 'Earnings', 'relevance_score': '0.95493'}, {'topic': 'Technology', 'relevance_score': '1.0'}, {'topic': 'Financial Markets', 'relevance_score': '0.503496'}]",0.267657,Somewhat-Bullish,"[{'ticker': 'AAPL', 'relevance_score': '0.511256', 'ticker_sentiment_score': '0.338347', 'ticker_sentiment_label': 'Somewhat-Bullish'}]"
Taiwan Semi November Revenue Ups 34% Strengthened by AI and Smartphone Demand - Taiwan Semiconductor  ( NYSE:TSM ) ,https://www.benzinga.com/24/12/42413866/taiwan-semiconductor-surges-34-in-november-strengthened-by-ai-and-smartphone-demand,2024-12-10 14:10:15,['Anusuya Lahiri'],"Taiwan Semiconductor Manufacturing Co TSM reported a topline growth of 34% year-on-year to $8.55 billion in November 2024. Revenue for January through November 2024 grew by 31.8% year over year to $81.05 billion, testimony to the continued artificial intelligence frenzy.",https://editorial-assets.benzinga.com/wp-content/uploads/2024/12/10032041/newplot-1-2.png,Benzinga,News,www.benzinga.com,"[{'topic': 'Technology', 'relevance_score': '0.5'}, {'topic': 'Financial Markets', 'relevance_score': '0.684621'}, {'topic': 'Manufacturing', 'relevance_score': '0.5'}]",0.225041,Somewhat-Bullish,"[{'ticker': 'AMD', 'relevance_score': '0.213988', 'ticker_sentiment_score': '0.0', 'ticker_sentiment_label': 'Neutral'}, {'ticker': 'SSNLF', 'relevance_score': '0.213988', 'ticker_sentiment_score': '0.033379', 'ticker_sentiment_label': 'Neutral'}, {'ticker': 'NVDA', 'relevance_score': '0.316168', 'ticker_sentiment_score': '0.201757', 'ticker_sentiment_label': 'Somewhat-Bullish'}, {'ticker': 'AAPL', 'relevance_score': '0.316168', 'ticker_sentiment_score': '0.201757', 'ticker_sentiment_label': 'Somewhat-Bullish'}, {'ticker': 'TSM', 'relevance_score': '0.316168', 'ticker_sentiment_score': '0.027758', 'ticker_sentiment_label': 'Neutral'}]"
Apple Inc.  ( AAPL )  is Attracting Investor Attention: Here is What You Should Know,https://www.zacks.com/stock/news/2381410/apple-inc-aapl-is-attracting-investor-attention-here-is-what-you-should-know,2024-12-10 14:00:14,['Zacks Equity Research'],"Apple (AAPL) has received quite a bit of attention from Zacks.com users lately. Therefore, it is wise to be aware of the facts that can impact the stock's prospects.",https://staticx-tuner.zacks.com/images/default_article_images/default271.jpg,Zacks Commentary,n/a,www.zacks.com,"[{'topic': 'Earnings', 'relevance_score': '0.999999'}, {'topic': 'Technology', 'relevance_score': '1.0'}, {'topic': 'Financial Markets', 'relevance_score': '0.54554'}]",0.243822,Somewhat-Bullish,"[{'ticker': 'AAPL', 'relevance_score': '0.484798', 'ticker_sentiment_score': '0.172898', 'ticker_sentiment_label': 'Somewhat-Bullish'}]"
Want to Buy Nvidia Stock Before the End of the Year? Consider These 7 Magnificent Nvidia-Heavy Vanguard ETFs.,https://www.fool.com/investing/2024/12/10/buy-nvidia-stock-before-the-end-of-the-year-2024/,2024-12-10 12:15:00,['Daniel Foelber'],"Nvidia ( NASDAQ: NVDA ) has followed up its unbelievable 2023 performance with another jaw-dropping year-to-date gain of 180% at the time of this writing. Nvidia's earnings continue to impress, and there are expectations for even more growth in 2025.However, some investors may be concerned about ...",https://g.foolcdn.com/image/?url=https%3A%2F%2Fg.foolcdn.com%2Feditorial%2Fimages%2F800256%2Fgettyimages-1346508441-1201x698-813e3a7-1.jpg&op=resize&w=700,Motley Fool,n/a,www.fool.com,"[{'topic': 'Energy & Transportation', 'relevance_score': '0.2'}, {'topic': 'Technology', 'relevance_score': '0.2'}, {'topic': 'Finance', 'relevance_score': '0.2'}, {'topic': 'Retail & Wholesale', 'relevance_score': '0.2'}, {'topic': 'Financial Markets', 'relevance_score': '0.999997'}, {'topic': 'Manufacturing', 'relevance_score': '0.2'}, {'topic': 'Earnings', 'relevance_score': '0.158519'}]",0.235557,Somewhat-Bullish,"[{'ticker': 'MSFT', 'relevance_score': '0.056808', 'ticker_sentiment_score': '0.063928', 'ticker_sentiment_label': 'Neutral'}, {'ticker': 'NFLX', 'relevance_score': '0.056808', 'ticker_sentiment_score': '-0.069928', 'ticker_sentiment_label': 'Neutral'}, {'ticker': 'META', 'relevance_score': '0.056808', 'ticker_sentiment_score': '-0.069928', 'ticker_sentiment_label': 'Neutral'}, {'ticker': 'NVDA', 'relevance_score': '0.774258', 'ticker_sentiment_score': '0.458269', 'ticker_sentiment_label': 'Bullish'}, {'ticker': 'AAPL', 'relevance_score': '0.113329', 'ticker_sentiment_score': '0.084003', 'ticker_sentiment_label': 'Neutral'}, {'ticker': 'TSLA', 'relevance_score': '0.056808', 'ticker_sentiment_score': '-0.069928', 'ticker_sentiment_label': 'Neutral'}, {'ticker': 'BRK-A', 'relevance_score': '0.056808', 'ticker_sentiment_score': '0.148963', 'ticker_sentiment_label': 'Neutral'}, {'ticker': 'XOM', 'relevance_score': '0.056808', 'ticker_sentiment_score': '0.148963', 'ticker_sentiment_label': 'Neutral'}, {'ticker': 'AMZN', 'relevance_score': '0.056808', 'ticker_sentiment_score': '-0.069928', 'ticker_sentiment_label': 'Neutral'}, {'ticker': 'UNH', 'relevance_score': '0.056808', 'ticker_sentiment_score': '0.148963', 'ticker_sentiment_label': 'Neutral'}]"
Will the Stock Market Crash in 2025?,https://www.fool.com/investing/2024/12/10/will-the-stock-market-crash-in-2025/,2024-12-10 11:45:00,['Geoffrey Seiler'],"The S&P 500 ( SNPINDEX: ^GSPC ) is on its way to its second straight year of outsized returns. After generating a total return of 26.3% last year, including dividends, it's up about 29% this year, as of this writing. That has led some some pundits to question whether the market is becoming too ...",https://g.foolcdn.com/image/?url=https%3A%2F%2Fg.foolcdn.com%2Feditorial%2Fimages%2F800213%2Fgettyimages-1373109638.jpg&op=resize&w=700,Motley Fool,n/a,www.fool.com,"[{'topic': 'Economy - Monetary', 'relevance_score': '0.310843'}, {'topic': 'Retail & Wholesale', 'relevance_score': '0.333333'}, {'topic': 'Financial Markets', 'relevance_score': '0.684621'}, {'topic': 'Manufacturing', 'relevance_score': '0.333333'}, {'topic': 'Earnings', 'relevance_score': '0.96136'}, {'topic': 'Technology', 'relevance_score': '0.333333'}]",0.214468,Somewhat-Bullish,"[{'ticker': 'MSFT', 'relevance_score': '0.089629', 'ticker_sentiment_score': '0.177049', 'ticker_sentiment_label': 'Somewhat-Bullish'}, {'ticker': 'NVDA', 'relevance_score': '0.13409', 'ticker_sentiment_score': '0.151772', 'ticker_sentiment_label': 'Somewhat-Bullish'}, {'ticker': 'AAPL', 'relevance_score': '0.044885', 'ticker_sentiment_score': '0.041776', 'ticker_sentiment_label': 'Neutral'}, {'ticker': 'CSCO', 'relevance_score': '0.044885', 'ticker_sentiment_score': '-0.004979', 'ticker_sentiment_label': 'Neutral'}, {'ticker': 'AMZN', 'relevance_score': '0.044885', 'ticker_sentiment_score': '0.220104', 'ticker_sentiment_label': 'Somewhat-Bullish'}]"
1 Warren Buffett Stock That Has Historically Been a Big Winner: Is It Headed Higher?,https://www.fool.com/investing/2024/12/10/warren-buffett-stock-winner-headed-higher/,2024-12-10 11:30:00,['Neil Patel'],"Since Visa's ( NYSE: V ) initial public offering in March 2008, its shares have produced a total return ( including reinvested dividends ) of 2,380%. That tremendous performance absolutely trounced the 552% total return that the S&P 500 index generated during the same period.",https://g.foolcdn.com/editorial/images/800279/buffett21-tmf.png,Motley Fool,n/a,www.fool.com,"[{'topic': 'IPO', 'relevance_score': '0.158519'}, {'topic': 'Financial Markets', 'relevance_score': '0.161647'}, {'topic': 'Earnings', 'relevance_score': '0.95493'}, {'topic': 'Technology', 'relevance_score': '0.5'}, {'topic': 'Finance', 'relevance_score': '0.5'}]",0.300627,Somewhat-Bullish,"[{'ticker': 'PYPL', 'relevance_score': '0.064797', 'ticker_sentiment_score': '0.136424', 'ticker_sentiment_label': 'Neutral'}, {'ticker': 'AAPL', 'relevance_score': '0.064797', 'ticker_sentiment_score': '0.136424', 'ticker_sentiment_label': 'Neutral'}, {'ticker': 'V', 'relevance_score': '0.535653', 'ticker_sentiment_score': '0.444658', 'ticker_sentiment_label': 'Bullish'}, {'ticker': 'BRK-A', 'relevance_score': '0.064797', 'ticker_sentiment_score': '0.255731', 'ticker_sentiment_label': 'Somewhat-Bullish'}]"
1 Magnificent Vanguard ETF I'm Buying Hand Over Fist in 2025,https://www.fool.com/investing/2024/12/10/1-magnificent-vanguard-etf-im-buying-hand-over-fis/,2024-12-10 11:00:00,['Katie Brockman'],"Stocks have been soaring over the last two years since the latest bull market began, and now could be a fantastic opportunity to load up on new investments.One of the simplest and easiest ways to generate wealth is to invest in exchange-traded funds ( ETFs ) , which are bundles of securities ...",https://media.ycharts.com/charts/68900f15c445f158b2f9a3ad1d496adb.png,Motley Fool,n/a,www.fool.com,"[{'topic': 'Retail & Wholesale', 'relevance_score': '0.333333'}, {'topic': 'Financial Markets', 'relevance_score': '1.0'}, {'topic': 'Manufacturing', 'relevance_score': '0.333333'}, {'topic': 'Earnings', 'relevance_score': '0.310843'}, {'topic': 'Technology', 'relevance_score': '0.333333'}]",0.241042,Somewhat-Bullish,"[{'ticker': 'MSFT', 'relevance_score': '0.114682', 'ticker_sentiment_score': '0.042258', 'ticker_sentiment_label': 'Neutral'}, {'ticker': 'NVDA', 'relevance_score': '0.114682', 'ticker_sentiment_score': '0.087681', 'ticker_sentiment_label': 'Neutral'}, {'ticker': 'AAPL', 'relevance_score': '0.114682', 'ticker_sentiment_score': '0.042258', 'ticker_sentiment_label': 'Neutral'}, {'ticker': 'AMZN', 'relevance_score': '0.114682', 'ticker_sentiment_score': '0.087681', 'ticker_sentiment_label': 'Neutral'}]"
Trump Announces Plans To Have Dinner With Amazon Founder Jeff Bezos As Billionaire Rivals Turn Unexpected Allies After Years Of Clashes - Amazon.com  ( NASDAQ:AMZN ) ,https://www.benzinga.com/media/24/12/42407739/trump-announces-plans-to-have-dinner-with-amazon-founder-jeff-bezos-as-billionaire-rivals-turn-unexpected-a,2024-12-10 10:41:34,['Ananya Gairola'],"President-elect Donald Trump has disclosed plans to have dinner with Amazon Inc. AMZN founder Jeff Bezos. What Happened: During a Meet the Press interview with Kristen Welker on Sunday, Trump said that following his Nov. 5 win, he got calls from many people.",https://cdn.benzinga.com/files/images/story/2024/12/10/Donald-Trump-Jeff-Bezos.jpeg?width=1200&height=800&fit=crop,Benzinga,News,www.benzinga.com,"[{'topic': 'Retail & Wholesale', 'relevance_score': '0.333333'}, {'topic': 'Financial Markets', 'relevance_score': '0.360215'}, {'topic': 'Manufacturing', 'relevance_score': '0.333333'}, {'topic': 'Technology', 'relevance_score': '0.333333'}]",0.212224,Somewhat-Bullish,"[{'ticker': 'NYT', 'relevance_score': '0.085324', 'ticker_sentiment_score': '0.25384', 'ticker_sentiment_label': 'Somewhat-Bullish'}, {'ticker': 'META', 'relevance_score': '0.085324', 'ticker_sentiment_score': '0.207101', 'ticker_sentiment_label': 'Somewhat-Bullish'}, {'ticker': 'AAPL', 'relevance_score': '0.085324', 'ticker_sentiment_score': '0.1522', 'ticker_sentiment_label': 'Somewhat-Bullish'}, {'ticker': 'TSLA', 'relevance_score': '0.085324', 'ticker_sentiment_score': '-0.064573', 'ticker_sentiment_label': 'Neutral'}, {'ticker': 'AMZN', 'relevance_score': '0.479683', 'ticker_sentiment_score': '0.229389', 'ticker_sentiment_label': 'Somewhat-Bullish'}]"
Prediction: This Relentless Vanguard ETF Will Crush the S&P 500 Again in 2025,https://www.fool.com/investing/2024/12/10/prediction-vanguard-etf-will-crush-sp-500-in-2025/,2024-12-10 09:21:00,['Anthony Di Pizio'],"This exchange-traded fund only holds the top-performing growth stocks from the S&P 500, and ignores the rest.",https://g.foolcdn.com/image/?url=https%3A%2F%2Fg.foolcdn.com%2Feditorial%2Fimages%2F800173%2Fa-golden-bull-figurine-on-top-of-a-strip-of-money.jpg&op=resize&w=700,Motley Fool,n/a,www.fool.com,"[{'topic': 'Retail & Wholesale', 'relevance_score': '0.333333'}, {'topic': 'Financial Markets', 'relevance_score': '0.999938'}, {'topic': 'Manufacturing', 'relevance_score': '0.333333'}, {'topic': 'Technology', 'relevance_score': '0.333333'}]",0.318519,Somewhat-Bullish,"[{'ticker': 'MSFT', 'relevance_score': '0.05387', 'ticker_sentiment_score': '0.012977', 'ticker_sentiment_label': 'Neutral'}, {'ticker': 'META', 'relevance_score': '0.107495', 'ticker_sentiment_score': '0.069251', 'ticker_sentiment_label': 'Neutral'}, {'ticker': 'NVDA', 'relevance_score': '0.160633', 'ticker_sentiment_score': '0.229247', 'ticker_sentiment_label': 'Somewhat-Bullish'}, {'ticker': 'AAPL', 'relevance_score': '0.107495', 'ticker_sentiment_score': '0.199648', 'ticker_sentiment_label': 'Somewhat-Bullish'}, {'ticker': 'AMZN', 'relevance_score': '0.107495', 'ticker_sentiment_score': '0.069251', 'ticker_sentiment_label': 'Neutral'}]"
"Bill Gates Could Go Bankrupt If Tesla Stock Surges 200% To Become The Top Company, Says Elon Musk - Alphabet  ( NASDAQ:GOOG ) , Apple  ( NASDAQ:AAPL ) ",https://www.benzinga.com/news/global/24/12/42406893/bill-gates-could-go-bankrupt-if-tesla-stock-surges-200-to-become-the-top-company-says-elon-musk,2024-12-10 09:15:21,['Kaustubh Bagalkote'],"Tesla Inc. TSLA CEO Elon Musk quipped on X that Microsoft Corp. MSFT co-founder Bill Gates could face bankruptcy if Tesla becomes ""the world's most valuable company by far,"" escalating their long-running dispute over Gates' short position in the electric vehicle maker.",https://cdn.benzinga.com/files/images/story/2024/12/10/Gates-Resume.jpeg?width=1200&height=800&fit=crop,Benzinga,Markets,www.benzinga.com,"[{'topic': 'Technology', 'relevance_score': '0.5'}, {'topic': 'Financial Markets', 'relevance_score': '0.266143'}, {'topic': 'Manufacturing', 'relevance_score': '0.5'}]",0.134309,Neutral,"[{'ticker': 'MSFT', 'relevance_score': '0.246999', 'ticker_sentiment_score': '0.088508', 'ticker_sentiment_label': 'Neutral'}, {'ticker': 'GOOG', 'relevance_score': '0.166169', 'ticker_sentiment_score': '0.266582', 'ticker_sentiment_label': 'Somewhat-Bullish'}, {'ticker': 'META', 'relevance_score': '0.166169', 'ticker_sentiment_score': '0.266582', 'ticker_sentiment_label': 'Somewhat-Bullish'}, {'ticker': 'NVDA', 'relevance_score': '0.166169', 'ticker_sentiment_score': '0.266582', 'ticker_sentiment_label': 'Somewhat-Bullish'}, {'ticker': 'AAPL', 'relevance_score': '0.166169', 'ticker_sentiment_score': '0.070216', 'ticker_sentiment_label': 'Neutral'}, {'ticker': 'TSLA', 'relevance_score': '0.654859', 'ticker_sentiment_score': '0.244887', 'ticker_sentiment_label': 'Somewhat-Bullish'}]"
"Nvidia China Antitrust Probe May 'Remain Unsolved' In Near Term Says Top Analyst; Investors Should Be Prepared For Increased Scrutiny - NVIDIA  ( NASDAQ:NVDA ) , Qualcomm  ( NASDAQ:QCOM ) ",https://www.benzinga.com/news/legal/24/12/42404352/nvidia-china-antitrust-probe-may-remain-unsolved-in-near-term-says-top-analyst-investors-should-be-pre,2024-12-10 01:51:30,['Ananya Gairola'],"On Monday, China launched an antitrust investigation into Nvidia Corporation NVDA. However, a top analyst maintains that the case may go unresolved.",https://editorial-assets.benzinga.com/wp-content/uploads/2024/12/09203956/Screenshot-2024-12-10-at-7.09.51%E2%80%AFAM-1024x375.png,Benzinga,News,www.benzinga.com,"[{'topic': 'Financial Markets', 'relevance_score': '0.839681'}, {'topic': 'Manufacturing', 'relevance_score': '0.333333'}, {'topic': 'Earnings', 'relevance_score': '0.108179'}, {'topic': 'Real Estate & Construction', 'relevance_score': '0.333333'}, {'topic': 'Technology', 'relevance_score': '0.333333'}]",0.097901,Neutral,"[{'ticker': 'APG', 'relevance_score': '0.068896', 'ticker_sentiment_score': '0.129517', 'ticker_sentiment_label': 'Neutral'}, {'ticker': 'NVDA', 'relevance_score': '0.612716', 'ticker_sentiment_score': '0.225472', 'ticker_sentiment_label': 'Somewhat-Bullish'}, {'ticker': 'AAPL', 'relevance_score': '0.068896', 'ticker_sentiment_score': '0.190966', 'ticker_sentiment_label': 'Somewhat-Bullish'}]"
"Digital Content Market to grow by USD 927 Billion  ( 2024-2028 ) , driven by digital transformation across sectors, Report on how AI is driving market transformation - Technavio",https://www.benzinga.com/pressreleases/24/12/n42397929/digital-content-market-to-grow-by-usd-927-billion-2024-2028-driven-by-digital-transformation-acros,2024-12-09 19:15:00,['PRNewswire'],"NEW YORK, Dec. 9, 2024 /PRNewswire/ -- Report with the AI impact on market trends - The global digital content market size is estimated to grow by USD 927 billion from 2024-2028, according to Technavio. The market is estimated to grow at a CAGR of 15.7% during the forecast period.",https://mma.prnewswire.com/media/2575570/IRTNTR44163_bw_info_v4.jpg,Benzinga,General,www.benzinga.com,"[{'topic': 'Technology', 'relevance_score': '0.5'}, {'topic': 'Financial Markets', 'relevance_score': '0.744043'}, {'topic': 'Manufacturing', 'relevance_score': '0.5'}]",0.325282,Somewhat-Bullish,"[{'ticker': 'NFLX', 'relevance_score': '0.041502', 'ticker_sentiment_score': '0.152082', 'ticker_sentiment_label': 'Somewhat-Bullish'}, {'ticker': 'GOOG', 'relevance_score': '0.103509', 'ticker_sentiment_score': '0.14031', 'ticker_sentiment_label': 'Neutral'}, {'ticker': 'META', 'relevance_score': '0.020758', 'ticker_sentiment_score': '0.158367', 'ticker_sentiment_label': 'Somewhat-Bullish'}, {'ticker': 'ROKU', 'relevance_score': '0.020758', 'ticker_sentiment_score': '0.0', 'ticker_sentiment_label': 'Neutral'}, {'ticker': 'AAPL', 'relevance_score': '0.020758', 'ticker_sentiment_score': '0.0', 'ticker_sentiment_label': 'Neutral'}, {'ticker': 'IHRT', 'relevance_score': '0.020758', 'ticker_sentiment_score': '0.0', 'ticker_sentiment_label': 'Neutral'}, {'ticker': 'SPOT', 'relevance_score': '0.062217', 'ticker_sentiment_score': '0.142217', 'ticker_sentiment_label': 'Neutral'}, {'ticker': 'BIDU', 'relevance_score': '0.020758', 'ticker_sentiment_score': '0.0', 'ticker_sentiment_label': 'Neutral'}, {'ticker': 'GCI', 'relevance_score': '0.020758', 'ticker_sentiment_score': '0.0', 'ticker_sentiment_label': 'Neutral'}, {'ticker': 'TCTZF', 'relevance_score': '0.020758', 'ticker_sentiment_score': '0.0', 'ticker_sentiment_label': 'Neutral'}, {'ticker': 'DIS', 'relevance_score': '0.020758', 'ticker_sentiment_score': '0.0', 'ticker_sentiment_label': 'Neutral'}, {'ticker': 'MSFT', 'relevance_score': '0.020758', 'ticker_sentiment_score': '0.0', 'ticker_sentiment_label': 'Neutral'}, {'ticker': 'NNMTF', 'relevance_score': '0.020758', 'ticker_sentiment_score': '0.0', 'ticker_sentiment_label': 'Neutral'}, {'ticker': 'SNEJF', 'relevance_score': '0.020758', 'ticker_sentiment_score': '0.0', 'ticker_sentiment_label': 'Neutral'}, {'ticker': 'CCZ', 'relevance_score': '0.020758', 'ticker_sentiment_score': '0.0', 'ticker_sentiment_label': 'Neutral'}, {'ticker': 'EA', 'relevance_score': '0.020758', 'ticker_sentiment_score': '0.0', 'ticker_sentiment_label': 'Neutral'}]"
"Gaming Market projected to grow by USD 117.2 Billion  ( 2024-2028 ) , driven by AR and VR game adoption, report highlights AI's role in market evolution - Technavio",https://www.benzinga.com/pressreleases/24/12/n42397587/gaming-market-projected-to-grow-by-usd-117-2-billion-2024-2028-driven-by-ar-and-vr-game-adoption-r,2024-12-09 18:58:00,['PRNewswire'],"NEW YORK, Dec. 9, 2024 /PRNewswire/ -- Report on how AI is driving market transformation - The global gaming market size is estimated to grow by USD 117.2 billion from 2024-2028, according to Technavio. The market is estimated to grow at a CAGR of 9.56% during the forecast period.",https://mma.prnewswire.com/media/2575130/IRTNTR45494_bw_info_v4.jpg,Benzinga,General,www.benzinga.com,"[{'topic': 'Technology', 'relevance_score': '0.5'}, {'topic': 'Financial Markets', 'relevance_score': '0.360215'}, {'topic': 'Manufacturing', 'relevance_score': '0.5'}]",0.308343,Somewhat-Bullish,"[{'ticker': 'NVDA', 'relevance_score': '0.038131', 'ticker_sentiment_score': '0.059158', 'ticker_sentiment_label': 'Neutral'}, {'ticker': 'AAPL', 'relevance_score': '0.038131', 'ticker_sentiment_score': '0.059158', 'ticker_sentiment_label': 'Neutral'}, {'ticker': 'NCBDF', 'relevance_score': '0.038131', 'ticker_sentiment_score': '0.059158', 'ticker_sentiment_label': 'Neutral'}, {'ticker': 'NTDOF', 'relevance_score': '0.038131', 'ticker_sentiment_score': '0.059158', 'ticker_sentiment_label': 'Neutral'}, {'ticker': 'SQNXF', 'relevance_score': '0.038131', 'ticker_sentiment_score': '0.059158', 'ticker_sentiment_label': 'Neutral'}, {'ticker': 'UBSFF', 'relevance_score': '0.038131', 'ticker_sentiment_score': '0.059158', 'ticker_sentiment_label': 'Neutral'}, {'ticker': 'TCTZF', 'relevance_score': '0.038131', 'ticker_sentiment_score': '0.175212', 'ticker_sentiment_label': 'Somewhat-Bullish'}, {'ticker': 'DIS', 'relevance_score': '0.038131', 'ticker_sentiment_score': '0.059158', 'ticker_sentiment_label': 'Neutral'}, {'ticker': 'MSFT', 'relevance_score': '0.038131', 'ticker_sentiment_score': '0.059158', 'ticker_sentiment_label': 'Neutral'}, {'ticker': 'NTES', 'relevance_score': '0.038131', 'ticker_sentiment_score': '0.059158', 'ticker_sentiment_label': 'Neutral'}, {'ticker': 'SNEJF', 'relevance_score': '0.038131', 'ticker_sentiment_score': '0.059158', 'ticker_sentiment_label': 'Neutral'}, {'ticker': 'DNACF', 'relevance_score': '0.038131', 'ticker_sentiment_score': '0.059158', 'ticker_sentiment_label': 'Neutral'}, {'ticker': 'EA', 'relevance_score': '0.038131', 'ticker_sentiment_score': '0.059158', 'ticker_sentiment_label': 'Neutral'}, {'ticker': 'BOWL', 'relevance_score': '0.038131', 'ticker_sentiment_score': '0.059158', 'ticker_sentiment_label': 'Neutral'}]"
Taiwan Semiconductor Extends Lead As Top Chipmaker - Taiwan Semiconductor  ( NYSE:TSM ) ,https://www.benzinga.com/media/24/12/42397029/taiwan-semiconductor-extends-lead-as-top-chipmaker,2024-12-09 18:27:33,['Anusuya Lahiri'],Taiwan Semiconductor Manufacturing Co TSM maintained its global wafer foundry business turf in the third quarter of 2024.,https://cdn.benzinga.com/files/images/story/2024/12/09/Tokyo--Japan--March-2023-an-Image-Of-Tsm.jpeg?width=1200&height=800&fit=crop,Benzinga,News,www.benzinga.com,"[{'topic': 'Technology', 'relevance_score': '0.5'}, {'topic': 'Financial Markets', 'relevance_score': '0.94762'}, {'topic': 'Manufacturing', 'relevance_score': '0.5'}]",0.33589,Somewhat-Bullish,"[{'ticker': 'SSNLF', 'relevance_score': '0.291182', 'ticker_sentiment_score': '0.25509', 'ticker_sentiment_label': 'Somewhat-Bullish'}, {'ticker': 'AAPL', 'relevance_score': '0.19661', 'ticker_sentiment_score': '0.063532', 'ticker_sentiment_label': 'Neutral'}, {'ticker': 'GFS', 'relevance_score': '0.381463', 'ticker_sentiment_score': '0.486192', 'ticker_sentiment_label': 'Bullish'}, {'ticker': 'TSM', 'relevance_score': '0.291182', 'ticker_sentiment_score': '0.0', 'ticker_sentiment_label': 'Neutral'}]"
"Power Vacuum In Syria Increases Geopolitical Instability, China Investigating Nvidia - Apple  ( NASDAQ:AAPL ) ",https://www.benzinga.com/markets/emerging-markets/24/12/42396421/power-vacuum-in-syria-increases-geopolitical-instability-china-investigating-nvidia,2024-12-09 17:56:33,['The Arora Report'],"To gain an edge, this is what you need to know today. An enlarged chart of iShares MSCI Turkey ETF TUR. In Syria, the regime of Bashar al-Assad has fallen after a lightning fast advance by rebels over 11 days. Bashar al-Assad's father Hafez al-Assad seized power in a military coup in November ...",https://contributor-assets.benzinga.com/wp-content/uploads/2024/12/09175329/image-5.png,Benzinga,Trading,www.benzinga.com,"[{'topic': 'Economy - Monetary', 'relevance_score': '0.769861'}, {'topic': 'Financial Markets', 'relevance_score': '0.999346'}, {'topic': 'Manufacturing', 'relevance_score': '0.333333'}, {'topic': 'Technology', 'relevance_score': '0.333333'}, {'topic': 'Finance', 'relevance_score': '0.333333'}]",0.176949,Somewhat-Bullish,"[{'ticker': 'MSFT', 'relevance_score': '0.07446', 'ticker_sentiment_score': '-0.172851', 'ticker_sentiment_label': 'Somewhat-Bearish'}, {'ticker': 'GOOG', 'relevance_score': '0.07446', 'ticker_sentiment_score': '-0.172851', 'ticker_sentiment_label': 'Somewhat-Bearish'}, {'ticker': 'META', 'relevance_score': '0.07446', 'ticker_sentiment_score': '0.0', 'ticker_sentiment_label': 'Neutral'}, {'ticker': 'NVDA', 'relevance_score': '0.184739', 'ticker_sentiment_score': '-0.135519', 'ticker_sentiment_label': 'Neutral'}, {'ticker': 'AAPL', 'relevance_score': '0.07446', 'ticker_sentiment_score': '0.0', 'ticker_sentiment_label': 'Neutral'}, {'ticker': 'TSLA', 'relevance_score': '0.07446', 'ticker_sentiment_score': '0.268492', 'ticker_sentiment_label': 'Somewhat-Bullish'}, {'ticker': 'IVZ', 'relevance_score': '0.037271', 'ticker_sentiment_score': '0.242424', 'ticker_sentiment_label': 'Somewhat-Bullish'}, {'ticker': 'CRYPTO:BTC', 'relevance_score': '0.148273', 'ticker_sentiment_score': '-0.051167', 'ticker_sentiment_label': 'Neutral'}]"
Will Nvidia Outshine Apple in Cash Flow Generation by 2025?,https://www.fool.com/investing/2024/12/09/will-nvidia-outshine-apple-in-cash-flow-by-2025/,2024-12-09 15:19:27,['Jose Najarro'],Nvidia is expected to generate over $100 billion in free cash flow in 2025.,https://g.foolcdn.com/editorial/images/800390/nvidia-headquarters-outside-with-black-nvidia-sign-with-nvidia-logo.jpg,Motley Fool,n/a,www.fool.com,"[{'topic': 'Technology', 'relevance_score': '0.333333'}, {'topic': 'Retail & Wholesale', 'relevance_score': '0.333333'}, {'topic': 'Manufacturing', 'relevance_score': '0.333333'}]",-0.192476,Somewhat-Bearish,"[{'ticker': 'MSFT', 'relevance_score': '0.585687', 'ticker_sentiment_score': '-0.450977', 'ticker_sentiment_label': 'Bearish'}, {'ticker': 'META', 'relevance_score': '0.585687', 'ticker_sentiment_score': '-0.450977', 'ticker_sentiment_label': 'Bearish'}, {'ticker': 'NVDA', 'relevance_score': '0.692465', 'ticker_sentiment_score': '-0.299976', 'ticker_sentiment_label': 'Somewhat-Bearish'}, {'ticker': 'AAPL', 'relevance_score': '0.16171', 'ticker_sentiment_score': '-0.190449', 'ticker_sentiment_label': 'Somewhat-Bearish'}, {'ticker': 'TSLA', 'relevance_score': '0.316846', 'ticker_sentiment_score': '-0.312122', 'ticker_sentiment_label': 'Somewhat-Bearish'}, {'ticker': 'AMZN', 'relevance_score': '0.316846', 'ticker_sentiment_score': '-0.312122', 'ticker_sentiment_label': 'Somewhat-Bearish'}]"
"Understanding Apple's Position In Technology Hardware, Storage & Peripherals Industry Compared To Competitors - Apple  ( NASDAQ:AAPL ) ",https://www.benzinga.com/insights/news/24/12/42391620/understanding-apples-position-in-technology-hardware-storage-amp-peripherals-industry-compared-to-c,2024-12-09 15:01:52,['Benzinga Insights'],"In the dynamic and fiercely competitive business environment, conducting a thorough analysis of companies is crucial for investors and industry enthusiasts. In this article, we will perform an extensive industry comparison, evaluating Apple AAPL in relation to its major competitors in the ...",https://www.benzinga.com/files/images/story/2024/1733756479_0.png,Benzinga,Trading,www.benzinga.com,"[{'topic': 'Earnings', 'relevance_score': '0.875462'}, {'topic': 'Technology', 'relevance_score': '1.0'}, {'topic': 'Financial Markets', 'relevance_score': '0.503496'}]",0.238865,Somewhat-Bullish,"[{'ticker': 'AAPL', 'relevance_score': '0.473427', 'ticker_sentiment_score': '0.261915', 'ticker_sentiment_label': 'Somewhat-Bullish'}]"
Meet the Supercharged Growth Stock That Could Make You a Millionaire,https://www.fool.com/investing/2024/12/09/meet-the-supercharged-growth-stock-that-could-make/,2024-12-09 11:30:00,['Lee Samaha'],"Machine vision company Cognex ( NASDAQ: CGNX ) hasn't looked like a growth stock during the past couple of years, but its long-term track record of growth is excellent. Moreover, the slowdown is due to a combination of factors likely to prove temporary.",https://media.ycharts.com/charts/1f45c96c77f39f3f21e07adf82976237.png,Motley Fool,n/a,www.fool.com,"[{'topic': 'Economy - Monetary', 'relevance_score': '0.310843'}, {'topic': 'Life Sciences', 'relevance_score': '0.5'}, {'topic': 'Financial Markets', 'relevance_score': '0.266143'}, {'topic': 'Earnings', 'relevance_score': '0.77141'}, {'topic': 'Technology', 'relevance_score': '0.5'}]",0.254182,Somewhat-Bullish,"[{'ticker': 'CGNX', 'relevance_score': '0.673559', 'ticker_sentiment_score': '0.318314', 'ticker_sentiment_label': 'Somewhat-Bullish'}, {'ticker': 'AAPL', 'relevance_score': '0.055881', 'ticker_sentiment_score': '0.046902', 'ticker_sentiment_label': 'Neutral'}]"
Should Schwab Fundamental U.S. Large Company ETF  ( FNDX )  Be on Your Investing Radar?,https://www.zacks.com/stock/news/2380649/should-schwab-fundamental-us-large-company-etf-fndx-be-on-your-investing-radar,2024-12-09 11:20:05,['Zacks Equity Research'],Style Box ETF report for ...,https://staticx-tuner.zacks.com/images/default_article_images/default4.jpg,Zacks Commentary,n/a,www.zacks.com,"[{'topic': 'Financial Markets', 'relevance_score': '1.0'}, {'topic': 'Earnings', 'relevance_score': '0.451494'}, {'topic': 'Technology', 'relevance_score': '0.5'}, {'topic': 'Finance', 'relevance_score': '0.5'}]",0.213163,Somewhat-Bullish,"[{'ticker': 'MSFT', 'relevance_score': '0.12013', 'ticker_sentiment_score': '-0.025579', 'ticker_sentiment_label': 'Neutral'}, {'ticker': 'SCHW', 'relevance_score': '0.060236', 'ticker_sentiment_score': '0.117003', 'ticker_sentiment_label': 'Neutral'}, {'ticker': 'AAPL', 'relevance_score': '0.12013', 'ticker_sentiment_score': '-0.025579', 'ticker_sentiment_label': 'Neutral'}, {'ticker': 'BRK-A', 'relevance_score': '0.060236', 'ticker_sentiment_score': '-0.022038', 'ticker_sentiment_label': 'Neutral'}]"
Where Will Apple Be in 1 Year?,https://www.fool.com/investing/2024/12/09/where-will-apple-be-in-1-year/,2024-12-09 10:32:00,['Neil Patel'],"It's been another wonderful year for Apple ( NASDAQ: AAPL ) investors. In 2024, shares have produced a total return of 27% ( as of Dec. 4 ) . That kind of gain certainly draws the attention of investors looking at where to park their capital as they set their sights on 2025.The hope for Apple ...",https://g.foolcdn.com/editorial/images/799966/using-iphone-at-desk-with-apple-watch-on.jpg,Motley Fool,n/a,www.fool.com,"[{'topic': 'Earnings', 'relevance_score': '0.891286'}, {'topic': 'Technology', 'relevance_score': '1.0'}, {'topic': 'Financial Markets', 'relevance_score': '0.365926'}]",0.246705,Somewhat-Bullish,"[{'ticker': 'AAPL', 'relevance_score': '0.783279', 'ticker_sentiment_score': '0.364967', 'ticker_sentiment_label': 'Bullish'}]"
1 Analyst Thinks Nvidia Will Be a $10 Trillion Stock Within 5 Years. Here's Exactly How It Could Happen.,https://www.fool.com/investing/2024/12/09/1-analyst-thinks-nvidia-will-be-a-10-trillion-stoc/,2024-12-09 10:27:00,['Keith Speights'],"Only 10 years ago, Nvidia's ( NASDAQ: NVDA ) market cap stood at $11.5 billion. Today, the company is a technology giant worth $3.5 trillion. The stock has been a 304-bagger in a decade with much of the growth coming over the last two years.How much bigger can Nvidia grow?",https://g.foolcdn.com/editorial/images/800160/data-center-infrastructure-information-technology.jpg,Motley Fool,n/a,www.fool.com,"[{'topic': 'Financial Markets', 'relevance_score': '0.214378'}, {'topic': 'Manufacturing', 'relevance_score': '0.5'}, {'topic': 'Earnings', 'relevance_score': '0.360215'}, {'topic': 'Technology', 'relevance_score': '0.5'}]",0.124663,Neutral,"[{'ticker': 'NVDA', 'relevance_score': '0.663242', 'ticker_sentiment_score': '0.147226', 'ticker_sentiment_label': 'Neutral'}, {'ticker': 'AAPL', 'relevance_score': '0.058903', 'ticker_sentiment_score': '0.043984', 'ticker_sentiment_label': 'Neutral'}]"
Not All iPhone Charging Cables Are Safe: Here's How Hackers Turned Them Into Tools Of Espionage,https://www.benzinga.com/24/12/42384578/iphone-charging-cables-arent-all-safe-how-hackers-turn-them-into-tools-of-espionage,2024-12-09 10:16:03,['Ananya Gairola'],"Think twice before grabbing a third-party USB-C charging cable for your iPhone - hackers may be using them as tools to spy on you. What Happened: Last week, Jon Bruner, a technology expert from Lumafield, shared a chilling discovery on X, formerly Twitter.",https://cdn.benzinga.com/files/images/story/2024/12/09/Apple-iPhone-charging-cable.jpeg?width=1200&height=800&fit=crop,Benzinga,News,www.benzinga.com,"[{'topic': 'Technology', 'relevance_score': '1.0'}]",0.012179,Neutral,"[{'ticker': 'SSNLF', 'relevance_score': '0.102888', 'ticker_sentiment_score': '0.286984', 'ticker_sentiment_label': 'Somewhat-Bullish'}, {'ticker': 'GOOG', 'relevance_score': '0.102888', 'ticker_sentiment_score': '0.286984', 'ticker_sentiment_label': 'Somewhat-Bullish'}, {'ticker': 'AAPL', 'relevance_score': '0.102888', 'ticker_sentiment_score': '0.286984', 'ticker_sentiment_label': 'Somewhat-Bullish'}]"
How To Use Apple Watch As A Digital Key For Your Tesla Car - Tesla  ( NASDAQ:TSLA ) ,https://www.benzinga.com/tech/24/12/42383967/how-to-use-apple-watch-as-a-digital-key-for-your-tesla-car,2024-12-09 09:14:01,['Ananya Gairola'],"Tesla Inc. TSLA has officially rolled out Apple Inc.'s AAPL Watch app, allowing users to transform their watch into a digital key for their vehicle. What Happened: Tesla has expanded its ecosystem by introducing an official Apple Watch app, offering functions previously accessible only via the ...",https://cdn.benzinga.com/files/images/story/2024/12/09/Top-10-Apple-Watch-Apps-You-Cant-Afford-.jpeg?width=1200&height=800&fit=crop,Benzinga,News,www.benzinga.com,"[{'topic': 'Technology', 'relevance_score': '0.5'}, {'topic': 'Manufacturing', 'relevance_score': '0.5'}]",0.116371,Neutral,"[{'ticker': 'AAPL', 'relevance_score': '0.591019', 'ticker_sentiment_score': '0.099151', 'ticker_sentiment_label': 'Neutral'}, {'ticker': 'TSLA', 'relevance_score': '0.901338', 'ticker_sentiment_score': '0.183733', 'ticker_sentiment_label': 'Somewhat-Bullish'}]"
"Apple Expands Retail Footprint In Saudi Arabia With Online Store Launch, Plans Multiple Flagship Locations - Apple  ( NASDAQ:AAPL ) ",https://www.benzinga.com/news/global/24/12/42383949/apple-expands-retail-footprint-in-saudi-arabia-with-online-store-launch-plans-multiple-flagship-locat,2024-12-09 09:07:00,['Kaustubh Bagalkote'],"Apple Inc. AAPL announced expansion plans in Saudi Arabia, marking a significant step in its Middle East growth strategy. The tech giant will launch its first Arabic-language online store in the summer of 2025, followed by multiple flagship retail locations starting in 2026, according to a ...",https://editorial-assets.benzinga.com/wp-content/uploads/2024/12/09020933/Screenshot-2024-12-09-at-12.38.35%E2%80%AFPM-1024x381.png,Benzinga,Markets,www.benzinga.com,"[{'topic': 'Financial Markets', 'relevance_score': '0.214378'}, {'topic': 'Earnings', 'relevance_score': '0.158519'}, {'topic': 'Technology', 'relevance_score': '0.5'}, {'topic': 'Finance', 'relevance_score': '0.5'}]",0.212712,Somewhat-Bullish,"[{'ticker': 'AAPL', 'relevance_score': '0.567746', 'ticker_sentiment_score': '0.150922', 'ticker_sentiment_label': 'Somewhat-Bullish'}, {'ticker': 'MS', 'relevance_score': '0.124809', 'ticker_sentiment_score': '-0.003522', 'ticker_sentiment_label': 'Neutral'}]"
"Apple Faces $1.2B Lawsuit Over Child Sexual Abuse Material Detection On iCloud - Tech Giant Says, 'Urgently And Actively Innovating' - Alphabet  ( NASDAQ:GOOG ) , Apple  ( NASDAQ:AAPL ) ",https://www.benzinga.com/24/12/42381987/apple-faces-12b-lawsuit-for-dropping-csam-detection-while-google-and-meta-set-higher-standards-for-child-safety,2024-12-09 02:10:59,['Ananya Gairola'],Apple Inc. AAPL is facing a $1.2 billion lawsuit filed on Saturday in U.S. District Court in Northern California for discontinuing its child sexual abuse material detection feature.,https://editorial-assets.benzinga.com/wp-content/uploads/2024/12/08205711/Screenshot-2024-12-09-at-7.27.05%E2%80%AFAM-1024x375.png,Benzinga,News,www.benzinga.com,"[{'topic': 'Financial Markets', 'relevance_score': '0.161647'}, {'topic': 'Manufacturing', 'relevance_score': '0.333333'}, {'topic': 'Technology', 'relevance_score': '0.333333'}, {'topic': 'Finance', 'relevance_score': '0.333333'}]",-0.04612,Neutral,"[{'ticker': 'NYT', 'relevance_score': '0.072655', 'ticker_sentiment_score': '-0.007311', 'ticker_sentiment_label': 'Neutral'}, {'ticker': 'GOOG', 'relevance_score': '0.144708', 'ticker_sentiment_score': '-0.057114', 'ticker_sentiment_label': 'Neutral'}, {'ticker': 'META', 'relevance_score': '0.144708', 'ticker_sentiment_score': '-0.057114', 'ticker_sentiment_label': 'Neutral'}, {'ticker': 'AAPL', 'relevance_score': '0.726144', 'ticker_sentiment_score': '-0.113368', 'ticker_sentiment_label': 'Neutral'}, {'ticker': 'MS', 'relevance_score': '0.072655', 'ticker_sentiment_score': '0.0', 'ticker_sentiment_label': 'Neutral'}]"
Apple Eyes Sony Partnership For Game-Changing Vision Pro Upgrade - Apple  ( NASDAQ:AAPL ) ,https://www.benzinga.com/24/12/42381024/apple-eyes-sony-partnership-for-game-changing-vision-pro-upgrade,2024-12-08 21:38:09,['Bibhu Pattnaik'],"Apple Inc. AAPL and Sony Corporation SNE are reportedly joining hands to augment the gaming capabilities of the Vision Pro. Bloomberg columnist Mark Gurman in his latest weekly ""Power On"" newsletter has said the enhancement will come through the addition of support for Sony's PSVR2 controllers.",https://cdn.benzinga.com/files/images/story/2024/12/08/Apple-Vision-Pro-Augmented-Reality-Virtu.jpeg?width=1200&height=800&fit=crop,Benzinga,News,www.benzinga.com,"[{'topic': 'Technology', 'relevance_score': '1.0'}]",0.327786,Somewhat-Bullish,"[{'ticker': 'SNEJF', 'relevance_score': '0.464633', 'ticker_sentiment_score': '0.601322', 'ticker_sentiment_label': 'Bullish'}, {'ticker': 'AAPL', 'relevance_score': '0.678673', 'ticker_sentiment_score': '0.623703', 'ticker_sentiment_label': 'Bullish'}]"
"Consumer Tech News  ( Dec 2-Dec 6 ) : FBI Advises To Adopt Encrypted Messaging Apps, Elon Musk Completed First Starlink Satellite Constellation & More - Apple  ( NASDAQ:AAPL ) , Amazon.com  ( NASDAQ:AMZN ) ",https://www.benzinga.com/tech/24/12/42380127/consumer-tech-news-dec-2-dec-6-fbi-advises-to-adopt-encrypted-messaging-apps-elon-musk-completed-first-starl,2024-12-08 14:45:15,['Lekha Gupta'],The Federal Bureau of Investigation is advising Americans to adopt encrypted messaging apps to safeguard their communications. Gamers are spending more time watching gaming content than actually playing games.,https://cdn.benzinga.com/files/images/story/2024/12/08/Cyber-Security-Concept--Encryption--Cybe.jpeg?width=1200&height=800&fit=crop,Benzinga,News,www.benzinga.com,"[{'topic': 'Technology', 'relevance_score': '0.5'}, {'topic': 'Financial Markets', 'relevance_score': '0.108179'}, {'topic': 'Manufacturing', 'relevance_score': '0.5'}]",0.297439,Somewhat-Bullish,"[{'ticker': 'MSFT', 'relevance_score': '0.126784', 'ticker_sentiment_score': '0.197928', 'ticker_sentiment_label': 'Somewhat-Bullish'}, {'ticker': 'SNEJF', 'relevance_score': '0.126784', 'ticker_sentiment_score': '0.175681', 'ticker_sentiment_label': 'Somewhat-Bullish'}, {'ticker': 'GOOG', 'relevance_score': '0.189175', 'ticker_sentiment_score': '0.147543', 'ticker_sentiment_label': 'Neutral'}, {'ticker': 'META', 'relevance_score': '0.126784', 'ticker_sentiment_score': '0.305439', 'ticker_sentiment_label': 'Somewhat-Bullish'}, {'ticker': 'NVDA', 'relevance_score': '0.126784', 'ticker_sentiment_score': '0.204954', 'ticker_sentiment_label': 'Somewhat-Bullish'}, {'ticker': 'AAPL', 'relevance_score': '0.367865', 'ticker_sentiment_score': '0.211402', 'ticker_sentiment_label': 'Somewhat-Bullish'}, {'ticker': 'BYDDF', 'relevance_score': '0.126784', 'ticker_sentiment_score': '0.204954', 'ticker_sentiment_label': 'Somewhat-Bullish'}]"
3 AI Stocks to Buy and Hold for the Rest of the Decade,https://www.fool.com/investing/2024/12/08/3-ai-stocks-buy-hold-rest-of-the-decade/,2024-12-08 12:50:00,"['Will Healy', 'and Jake Lerch', 'Justin Pope']","As 2025 approaches, investors may start to think about how they want to approach the second half of the decade. Given technological trends, stocks driven by artificial intelligence ( AI ) will likely continue to prosper.The emergence of ChatGPT helped make Nvidia the AI stock of the decade's ...",https://g.foolcdn.com/editorial/images/799912/ai-chip-on-board.jpg,Motley Fool,n/a,www.fool.com,"[{'topic': 'Retail & Wholesale', 'relevance_score': '0.333333'}, {'topic': 'Financial Markets', 'relevance_score': '0.503496'}, {'topic': 'Manufacturing', 'relevance_score': '0.333333'}, {'topic': 'Earnings', 'relevance_score': '0.650727'}, {'topic': 'Technology', 'relevance_score': '0.333333'}]",0.242518,Somewhat-Bullish,"[{'ticker': 'GOOG', 'relevance_score': '0.035983', 'ticker_sentiment_score': '0.086919', 'ticker_sentiment_label': 'Neutral'}, {'ticker': 'META', 'relevance_score': '0.143202', 'ticker_sentiment_score': '0.106487', 'ticker_sentiment_label': 'Neutral'}, {'ticker': 'NVDA', 'relevance_score': '0.035983', 'ticker_sentiment_score': '0.197827', 'ticker_sentiment_label': 'Somewhat-Bullish'}, {'ticker': 'AAPL', 'relevance_score': '0.035983', 'ticker_sentiment_score': '0.086919', 'ticker_sentiment_label': 'Neutral'}, {'ticker': 'CRWD', 'relevance_score': '0.247838', 'ticker_sentiment_score': '0.105289', 'ticker_sentiment_label': 'Neutral'}, {'ticker': 'SOUN', 'relevance_score': '0.071892', 'ticker_sentiment_score': '0.057301', 'ticker_sentiment_label': 'Neutral'}, {'ticker': 'PZZA', 'relevance_score': '0.035983', 'ticker_sentiment_score': '0.048399', 'ticker_sentiment_label': 'Neutral'}, {'ticker': 'CMG', 'relevance_score': '0.035983', 'ticker_sentiment_score': '0.048399', 'ticker_sentiment_label': 'Neutral'}, {'ticker': 'AMZN', 'relevance_score': '0.035983', 'ticker_sentiment_score': '0.086919', 'ticker_sentiment_label': 'Neutral'}, {'ticker': 'HMC', 'relevance_score': '0.035983', 'ticker_sentiment_score': '0.086919', 'ticker_sentiment_label': 'Neutral'}]"
"Apple's In-House Modems, Foldable iPhones, And Tim Cook On Cupertino's Future: This Week In Appleverse - Qualcomm  ( NASDAQ:QCOM ) ",https://www.benzinga.com/24/12/42379647/apples-in-house-modems-foldable-iphones-and-tim-cook-on-cupertinos-future-this-week-in-appleverse,2024-12-08 12:00:16,['Benzinga Neuro'],"The weekend was abuzz with news from the tech giant Apple Inc. AAPL. From the development of in-house modems to the anticipated launch of a foldable iPhone, the company has been making waves in the tech industry. Here's a quick round-up of the top stories that unfolded over the weekend.",https://cdn.benzinga.com/files/images/story/2024/12/08/What-Happened.jpeg?width=1200&height=800&fit=crop,Benzinga,News,www.benzinga.com,"[{'topic': 'Technology', 'relevance_score': '0.5'}, {'topic': 'Financial Markets', 'relevance_score': '0.108179'}, {'topic': 'Manufacturing', 'relevance_score': '0.5'}]",0.160463,Somewhat-Bullish,"[{'ticker': 'QCOM', 'relevance_score': '0.227007', 'ticker_sentiment_score': '0.133063', 'ticker_sentiment_label': 'Neutral'}, {'ticker': 'AAPL', 'relevance_score': '0.436009', 'ticker_sentiment_score': '0.170902', 'ticker_sentiment_label': 'Somewhat-Bullish'}]"
Coca-Cola cs. Procter & Gamble: Which Is the Better Dow Dividend King Stock to Buy Before the End of the Year?,https://www.fool.com/investing/2024/12/08/coca-cola-pg-buy-dow-dividend-king-stock/,2024-12-08 10:05:00,['Daniel Foelber'],"When investors look for reliable dividend-paying companies, they typically consider factors such as the track record for paying and raising the dividend over time, if the company is an industry leader, if it is a growing business that can support a higher dividend expense, and the dividend ...",https://g.foolcdn.com/image/?url=https%3A%2F%2Fg.foolcdn.com%2Feditorial%2Fimages%2F799838%2Fgettyimages-1236903031-1200x800-5b2df79-1.jpg&op=resize&w=700,Motley Fool,n/a,www.fool.com,"[{'topic': 'Life Sciences', 'relevance_score': '0.25'}, {'topic': 'Retail & Wholesale', 'relevance_score': '0.25'}, {'topic': 'Financial Markets', 'relevance_score': '0.99977'}, {'topic': 'Manufacturing', 'relevance_score': '0.25'}, {'topic': 'Earnings', 'relevance_score': '0.938238'}, {'topic': 'Technology', 'relevance_score': '0.25'}]",0.22263,Somewhat-Bullish,"[{'ticker': 'AAPL', 'relevance_score': '0.040829', 'ticker_sentiment_score': '0.085457', 'ticker_sentiment_label': 'Neutral'}, {'ticker': 'KO', 'relevance_score': '0.081552', 'ticker_sentiment_score': '0.0', 'ticker_sentiment_label': 'Neutral'}, {'ticker': 'MNST', 'relevance_score': '0.040829', 'ticker_sentiment_score': '0.085457', 'ticker_sentiment_label': 'Neutral'}, {'ticker': 'JNJ', 'relevance_score': '0.040829', 'ticker_sentiment_score': '0.0', 'ticker_sentiment_label': 'Neutral'}, {'ticker': 'PG', 'relevance_score': '0.081552', 'ticker_sentiment_score': '0.0', 'ticker_sentiment_label': 'Neutral'}, {'ticker': 'WMT', 'relevance_score': '0.122062', 'ticker_sentiment_score': '0.009248', 'ticker_sentiment_label': 'Neutral'}]"
1 Warren Buffett Stock That Could Be Poised for a Winning Year in 2025 and Beyond,https://www.fool.com/investing/2024/12/07/1-warren-buffett-stock-could-winning-year-2025/,2024-12-07 23:18:00,['James Brumley'],This Berkshire Hathaway holding's been losing ground for some time mostly because the market's not seeing the bigger picture.,https://media.ycharts.com/charts/a6c9b8277c77bed7f5be3364cd6dc5ec.png,Motley Fool,n/a,www.fool.com,"[{'topic': 'Economy - Monetary', 'relevance_score': '0.158519'}, {'topic': 'Financial Markets', 'relevance_score': '0.266143'}, {'topic': 'Manufacturing', 'relevance_score': '0.333333'}, {'topic': 'Earnings', 'relevance_score': '0.684621'}, {'topic': 'Technology', 'relevance_score': '0.333333'}, {'topic': 'Finance', 'relevance_score': '0.333333'}]",0.08232,Neutral,"[{'ticker': 'AAPL', 'relevance_score': '0.036476', 'ticker_sentiment_score': '0.089746', 'ticker_sentiment_label': 'Neutral'}, {'ticker': 'MORN', 'relevance_score': '0.036476', 'ticker_sentiment_score': '0.137134', 'ticker_sentiment_label': 'Neutral'}, {'ticker': 'BAC', 'relevance_score': '0.036476', 'ticker_sentiment_score': '0.089746', 'ticker_sentiment_label': 'Neutral'}, {'ticker': 'GS', 'relevance_score': '0.036476', 'ticker_sentiment_score': '0.104525', 'ticker_sentiment_label': 'Neutral'}, {'ticker': 'BRK-A', 'relevance_score': '0.109123', 'ticker_sentiment_score': '0.039177', 'ticker_sentiment_label': 'Neutral'}, {'ticker': 'KHC', 'relevance_score': '0.352557', 'ticker_sentiment_score': '0.136878', 'ticker_sentiment_label': 'Neutral'}]"
"3 Stocks That Turned $1,000 Into $1 Million  ( or More ) ",https://www.fool.com/investing/2024/12/07/3-stocks-that-turned-1000-into-1-million-or-more/,2024-12-07 23:18:00,['Neil Patel'],"Investors are always looking at potential buying opportunities that could be big winners over time. A good place to find these types of situations is to identify previous winners. This can help you narrow down your list of places to park your capital.Looking at history, there are some dominant ...",https://g.foolcdn.com/editorial/images/800065/sitting-in-chair-throwing-money-in-air.jpg,Motley Fool,n/a,www.fool.com,"[{'topic': 'IPO', 'relevance_score': '0.451494'}, {'topic': 'Retail & Wholesale', 'relevance_score': '0.5'}, {'topic': 'Financial Markets', 'relevance_score': '0.214378'}, {'topic': 'Earnings', 'relevance_score': '0.495866'}, {'topic': 'Technology', 'relevance_score': '0.5'}]",0.306511,Somewhat-Bullish,"[{'ticker': 'HD', 'relevance_score': '0.264515', 'ticker_sentiment_score': '0.22737', 'ticker_sentiment_label': 'Somewhat-Bullish'}, {'ticker': 'AAPL', 'relevance_score': '0.363768', 'ticker_sentiment_score': '0.233721', 'ticker_sentiment_label': 'Somewhat-Bullish'}, {'ticker': 'AMZN', 'relevance_score': '0.264515', 'ticker_sentiment_score': '0.26259', 'ticker_sentiment_label': 'Somewhat-Bullish'}]"
"OpenAI's ChatGPT Makes Headway In Search, Threatening Google's Reign - Alphabet  ( NASDAQ:GOOGL ) ",https://www.benzinga.com/tech/24/12/42378596/openais-chatgpt-makes-headway-in-search-threatening-googles-reign,2024-12-07 19:30:14,['Bibhu Pattnaik'],"OpenAI's chatbot, ChatGPT, is gaining traction in the online search market, potentially challenging Google's GOOGL long-established supremacy. What Happened: A survey conducted by brokerage firm Evercore ISI disclosed that ChatGPT was the favored search provider for 5% of 1,000 respondents, a ...",https://cdn.benzinga.com/files/images/story/2024/12/07/Accelerate-Research.jpeg?width=1200&height=800&fit=crop,Benzinga,News,www.benzinga.com,"[{'topic': 'Technology', 'relevance_score': '0.5'}, {'topic': 'Finance', 'relevance_score': '0.5'}]",0.364406,Bullish,"[{'ticker': 'EVR', 'relevance_score': '0.107016', 'ticker_sentiment_score': '0.170835', 'ticker_sentiment_label': 'Somewhat-Bullish'}, {'ticker': 'GOOG', 'relevance_score': '0.498827', 'ticker_sentiment_score': '0.339006', 'ticker_sentiment_label': 'Somewhat-Bullish'}, {'ticker': 'AAPL', 'relevance_score': '0.313484', 'ticker_sentiment_score': '0.304612', 'ticker_sentiment_label': 'Somewhat-Bullish'}]"
"Tesla, GameStop, Nvidia, Bitcoin, And Dogecoin Analyst Flags $1.30-$1.50 As Key Target: Bulls And Bears",https://www.benzinga.com/trading-ideas/long-ideas/24/12/42378030/benzinga-bulls-and-bears-tesla-gamestop-nvidia-bitcoin-and-dogecoin-analyst-flags-1-30-1,2024-12-07 15:00:19,['Michael Cohen'],"Benzinga examined the prospects for many investors' favorite stocks over the last week - here's a look at some of our top stories. The U.S. stock market continued its upward momentum, with the S&P 500 and Nasdaq marking their third consecutive week of gains, rising 0.96% and 3.34%, respectively, ...",https://cdn.benzinga.com/files/images/story/2024/12/07/bulls-and-bears-ai47.jpeg?width=1200&height=800&fit=crop,Benzinga,Trading,www.benzinga.com,"[{'topic': 'Technology', 'relevance_score': '0.25'}, {'topic': 'Finance', 'relevance_score': '0.25'}, {'topic': 'Economy - Monetary', 'relevance_score': '0.310843'}, {'topic': 'Retail & Wholesale', 'relevance_score': '0.25'}, {'topic': 'Financial Markets', 'relevance_score': '0.929393'}, {'topic': 'Manufacturing', 'relevance_score': '0.25'}, {'topic': 'Earnings', 'relevance_score': '0.310843'}]",0.216486,Somewhat-Bullish,"[{'ticker': 'AMAT', 'relevance_score': '0.115232', 'ticker_sentiment_score': '-0.035483', 'ticker_sentiment_label': 'Neutral'}, {'ticker': 'META', 'relevance_score': '0.115232', 'ticker_sentiment_score': '0.227231', 'ticker_sentiment_label': 'Somewhat-Bullish'}, {'ticker': 'NVDA', 'relevance_score': '0.172097', 'ticker_sentiment_score': '-0.044184', 'ticker_sentiment_label': 'Neutral'}, {'ticker': 'AAPL', 'relevance_score': '0.115232', 'ticker_sentiment_score': '0.227231', 'ticker_sentiment_label': 'Somewhat-Bullish'}, {'ticker': 'TSLA', 'relevance_score': '0.172097', 'ticker_sentiment_score': '-0.002903', 'ticker_sentiment_label': 'Neutral'}, {'ticker': 'GM', 'relevance_score': '0.115232', 'ticker_sentiment_score': '-0.238496', 'ticker_sentiment_label': 'Somewhat-Bearish'}, {'ticker': 'LRCX', 'relevance_score': '0.115232', 'ticker_sentiment_score': '-0.035483', 'ticker_sentiment_label': 'Neutral'}, {'ticker': 'GS', 'relevance_score': '0.115232', 'ticker_sentiment_score': '-0.238496', 'ticker_sentiment_label': 'Somewhat-Bearish'}, {'ticker': 'GME', 'relevance_score': '0.172097', 'ticker_sentiment_score': '0.0', 'ticker_sentiment_label': 'Neutral'}, {'ticker': 'CRYPTO:BTC', 'relevance_score': '0.228073', 'ticker_sentiment_score': '0.378016', 'ticker_sentiment_label': 'Bullish'}, {'ticker': 'CRYPTO:DOGE', 'relevance_score': '0.115232', 'ticker_sentiment_score': '0.203576', 'ticker_sentiment_label': 'Somewhat-Bullish'}]"
Warren Buffett Once Said Hiring Someone To Change Them Is 'Just As Crazy' As Marrying Someone To Change Them: 'The Reason That Berkshire Has Been Successful‚Ä¶',https://www.benzinga.com/news/24/12/42377455/warren-buffett-once-said-hiring-someone-to-change-them-is-just-as-crazy-as-marrying-someone-to-change-them-t,2024-12-07 11:00:15,['Ananya Gairola'],"Warren Buffett, CEO of Berkshire Hathaway, and the late Charlie Munger have long emphasized the critical role of integrity, intelligence, and energy in effective leadership.",https://cdn.benzinga.com/files/images/story/2024/12/07/12-Powerful-Success-Lessons-From-Warren-.jpeg?width=1200&height=800&fit=crop,Benzinga,General,www.benzinga.com,"[{'topic': 'Manufacturing', 'relevance_score': '0.333333'}, {'topic': 'Earnings', 'relevance_score': '0.158519'}, {'topic': 'Mergers & Acquisitions', 'relevance_score': '0.158519'}, {'topic': 'Technology', 'relevance_score': '0.333333'}, {'topic': 'Finance', 'relevance_score': '0.333333'}]",0.383843,Bullish,"[{'ticker': 'AAPL', 'relevance_score': '0.082677', 'ticker_sentiment_score': '0.247145', 'ticker_sentiment_label': 'Somewhat-Bullish'}, {'ticker': 'BRK-A', 'relevance_score': '0.164468', 'ticker_sentiment_score': '0.465628', 'ticker_sentiment_label': 'Bullish'}, {'ticker': 'TSLA', 'relevance_score': '0.082677', 'ticker_sentiment_score': '0.360225', 'ticker_sentiment_label': 'Bullish'}]"
"Warren Buffett Has Sold $133 Billion Worth of Stock in 2024 So Far, but This Small $550 Million Purchase Is Sending a Big Message to Investors",https://www.fool.com/investing/2024/12/07/warren-buffett-sold-133-billion-worth-of-stocks-in/,2024-12-07 10:37:00,['Adam Levy'],Warren Buffett is finding good value in only certain parts of the market.,https://g.foolcdn.com/image/?url=https%3A%2F%2Fg.foolcdn.com%2Feditorial%2Fimages%2F799783%2Fbuffett2-tmf.jpg&op=resize&w=700,Motley Fool,n/a,www.fool.com,"[{'topic': 'Retail & Wholesale', 'relevance_score': '0.25'}, {'topic': 'Financial Markets', 'relevance_score': '1.0'}, {'topic': 'Manufacturing', 'relevance_score': '0.25'}, {'topic': 'Earnings', 'relevance_score': '0.576289'}, {'topic': 'Technology', 'relevance_score': '0.25'}, {'topic': 'Finance', 'relevance_score': '0.25'}]",0.270012,Somewhat-Bullish,"[{'ticker': 'DMPZF', 'relevance_score': '0.148045', 'ticker_sentiment_score': '0.116104', 'ticker_sentiment_label': 'Neutral'}, {'ticker': 'AAPL', 'relevance_score': '0.184457', 'ticker_sentiment_score': '0.178561', 'ticker_sentiment_label': 'Somewhat-Bullish'}, {'ticker': 'ULTA', 'relevance_score': '0.037213', 'ticker_sentiment_score': '0.002899', 'ticker_sentiment_label': 'Neutral'}, {'ticker': 'BAC', 'relevance_score': '0.148045', 'ticker_sentiment_score': '0.098175', 'ticker_sentiment_label': 'Neutral'}, {'ticker': 'SIRI', 'relevance_score': '0.037213', 'ticker_sentiment_score': '0.002899', 'ticker_sentiment_label': 'Neutral'}, {'ticker': 'HEI', 'relevance_score': '0.037213', 'ticker_sentiment_score': '0.002899', 'ticker_sentiment_label': 'Neutral'}, {'ticker': 'DPZ', 'relevance_score': '0.184457', 'ticker_sentiment_score': '0.134393', 'ticker_sentiment_label': 'Neutral'}]"
Have $500? These 2 Stocks Could Be Bargain Buys for 2024 and Beyond.,https://www.fool.com/investing/2024/12/07/have-500-these-2-stocks-could-be-bargain-buys-for/,2024-12-07 09:09:00,['Manali Pradhan'],"There is still much to like in these fundamentally strong, high-quality stocks.",https://g.foolcdn.com/editorial/images/799864/woman_working_at_home_on_a_laptop.jpg,Motley Fool,n/a,www.fool.com,"[{'topic': 'Financial Markets', 'relevance_score': '0.977154'}, {'topic': 'Manufacturing', 'relevance_score': '0.5'}, {'topic': 'Earnings', 'relevance_score': '0.998663'}, {'topic': 'Technology', 'relevance_score': '0.5'}]",0.171026,Somewhat-Bullish,"[{'ticker': 'MSFT', 'relevance_score': '0.117295', 'ticker_sentiment_score': '0.05475', 'ticker_sentiment_label': 'Neutral'}, {'ticker': 'SSNLF', 'relevance_score': '0.039224', 'ticker_sentiment_score': '0.163775', 'ticker_sentiment_label': 'Somewhat-Bullish'}, {'ticker': 'GOOG', 'relevance_score': '0.269351', 'ticker_sentiment_score': '0.079234', 'ticker_sentiment_label': 'Neutral'}, {'ticker': 'META', 'relevance_score': '0.155954', 'ticker_sentiment_score': '0.022183', 'ticker_sentiment_label': 'Neutral'}, {'ticker': 'NVDA', 'relevance_score': '0.155954', 'ticker_sentiment_score': '0.138729', 'ticker_sentiment_label': 'Neutral'}, {'ticker': 'AAPL', 'relevance_score': '0.039224', 'ticker_sentiment_score': '0.163775', 'ticker_sentiment_label': 'Somewhat-Bullish'}, {'ticker': 'AMD', 'relevance_score': '0.341962', 'ticker_sentiment_score': '0.314666', 'ticker_sentiment_label': 'Somewhat-Bullish'}, {'ticker': 'NET', 'relevance_score': '0.039224', 'ticker_sentiment_score': '-0.036466', 'ticker_sentiment_label': 'Neutral'}]"
"Apple Working On In-House Modems To Replace Qualcomm, Will Slim Down iPhones Further And Bring Cellular Connectivity To Macs: Report - Qualcomm  ( NASDAQ:QCOM ) ",https://www.benzinga.com/24/12/42376583/how-apples-billion-dollar-modem-gamble-could-redefine-the-future-of-macs-headsets-and-foldable-iphones-report,2024-12-07 03:10:20,['Ananya Gairola'],"Apple Inc. AAPL is reportedly working on its modem technology. This could result in slimmer iPhones and introduce cellular capabilities to Macs and headsets like Vision Pro. What Happened: Apple is developing a new modem, internally named Sinope, which is set to debut next year, reported ...",https://cdn.benzinga.com/files/images/story/2024/12/06/Exclusive-Color-Options.jpeg?width=1200&height=800&fit=crop,Benzinga,News,www.benzinga.com,"[{'topic': 'Financial Markets', 'relevance_score': '0.161647'}, {'topic': 'Manufacturing', 'relevance_score': '0.333333'}, {'topic': 'Earnings', 'relevance_score': '0.360215'}, {'topic': 'Technology', 'relevance_score': '0.333333'}, {'topic': 'Finance', 'relevance_score': '0.333333'}]",0.156067,Somewhat-Bullish,"[{'ticker': 'QCOM', 'relevance_score': '0.178459', 'ticker_sentiment_score': '0.0', 'ticker_sentiment_label': 'Neutral'}, {'ticker': 'AAPL', 'relevance_score': '0.740604', 'ticker_sentiment_score': '0.247569', 'ticker_sentiment_label': 'Somewhat-Bullish'}, {'ticker': 'MS', 'relevance_score': '0.089797', 'ticker_sentiment_score': '0.0', 'ticker_sentiment_label': 'Neutral'}]"
Apple Unusual Options Activity For December 06 - Apple  ( NASDAQ:AAPL ) ,https://www.benzinga.com/insights/options/24/12/42373003/apple-unusual-options-activity-for-december-06,2024-12-06 20:54:40,['Benzinga Insights'],"Deep-pocketed investors have adopted a bullish approach towards Apple AAPL, and it's something market players shouldn't ignore. Our tracking of public options records at Benzinga unveiled this significant move today.",https://www.benzinga.com/files/images/story/2024/1733518477_0.png,Benzinga,Markets,www.benzinga.com,"[{'topic': 'Financial Markets', 'relevance_score': '0.266143'}, {'topic': 'Earnings', 'relevance_score': '0.158519'}, {'topic': 'Technology', 'relevance_score': '0.5'}, {'topic': 'Finance', 'relevance_score': '0.5'}]",0.212181,Somewhat-Bullish,"[{'ticker': 'AAPL', 'relevance_score': '0.593896', 'ticker_sentiment_score': '0.365872', 'ticker_sentiment_label': 'Bullish'}, {'ticker': 'MS', 'relevance_score': '0.073546', 'ticker_sentiment_score': '0.023436', 'ticker_sentiment_label': 'Neutral'}]"
