time_published,overall_sentiment_score,overall_sentiment_label,ticker_sentiment,lemmatized_summary,stemmed_summary,textblob_polarity,textblob_subjectivity,transformers_sentiment_label,transformers_sentiment_score
2024-12-11 13:20:12,0.193988,Somewhat-Bullish,"[{'ticker': 'AAPL', 'relevance_score': '0.172713', 'ticker_sentiment_score': '-0.109702', 'ticker_sentiment_label': 'Neutral'}, {'ticker': 'QCOM', 'relevance_score': '0.172713', 'ticker_sentiment_score': '-0.109702', 'ticker_sentiment_label': 'Neutral'}, {'ticker': 'INTC', 'relevance_score': '0.843862', 'ticker_sentiment_score': '0.155254', 'ticker_sentiment_label': 'Somewhat-Bullish'}, {'ticker': 'SPGI', 'relevance_score': '0.08687', 'ticker_sentiment_score': '-0.028465', 'ticker_sentiment_label': 'Neutral'}, {'ticker': 'MCHP', 'relevance_score': '0.172713', 'ticker_sentiment_score': '0.0', 'ticker_sentiment_label': 'Neutral'}, {'ticker': 'ASML', 'relevance_score': '0.172713', 'ticker_sentiment_score': '0.0', 'ticker_sentiment_label': 'Neutral'}, {'ticker': 'TSM', 'relevance_score': '0.172713', 'ticker_sentiment_score': '0.276079', 'ticker_sentiment_label': 'Somewhat-Bullish'}]",Taiwan Semiconductor Manufacturing Co TSM founder Morris Chang tell Reuters Monday Intel Corp INTC focus develop artificial intelligence moat instead contract chipmaking . Chang 's comment follow Intel chief Pat Gelsinger 's departure fail impress ...,taiwan semiconductor manufactur Co tsm founder morri chang told reuter monday intel corp intc focus develop artifici intellig moat instead contract chipmaking. chang' comment follow intel chief pat gelsinger' departur fail impress ...,-0.55,0.65,NEGATIVE,0.9991877675056458
2024-12-11 12:38:44,0.16621,Somewhat-Bullish,"[{'ticker': 'MSFT', 'relevance_score': '0.110209', 'ticker_sentiment_score': '0.106273', 'ticker_sentiment_label': 'Neutral'}, {'ticker': 'GOOG', 'relevance_score': '0.164656', 'ticker_sentiment_score': '0.071931', 'ticker_sentiment_label': 'Neutral'}, {'ticker': 'META', 'relevance_score': '0.110209', 'ticker_sentiment_score': '0.106273', 'ticker_sentiment_label': 'Neutral'}, {'ticker': 'NVDA', 'relevance_score': '0.110209', 'ticker_sentiment_score': '0.106273', 'ticker_sentiment_label': 'Neutral'}, {'ticker': 'AAPL', 'relevance_score': '0.110209', 'ticker_sentiment_score': '0.106273', 'ticker_sentiment_label': 'Neutral'}, {'ticker': 'TSLA', 'relevance_score': '0.218325', 'ticker_sentiment_score': '0.208013', 'ticker_sentiment_label': 'Somewhat-Bullish'}]","late last month , JPMorgan analyst state global region struggle various challenge , U.S. likely remain global growth leader . much bold assertion center artificial intelligence .","late last month, jpmorgan analyst state global region struggl variou challenges, u.s. like remain global growth leader. much bold assert center artifici intelligence.",-0.049166666666666664,0.4408333333333333,POSITIVE,0.9882625937461853
2024-12-11 12:00:00,0.296959,Somewhat-Bullish,"[{'ticker': 'MSFT', 'relevance_score': '0.132368', 'ticker_sentiment_score': '0.231528', 'ticker_sentiment_label': 'Somewhat-Bullish'}, {'ticker': 'META', 'relevance_score': '0.066414', 'ticker_sentiment_score': '0.229839', 'ticker_sentiment_label': 'Somewhat-Bullish'}, {'ticker': 'NVDA', 'relevance_score': '0.595343', 'ticker_sentiment_score': '0.362568', 'ticker_sentiment_label': 'Bullish'}, {'ticker': 'AAPL', 'relevance_score': '0.066414', 'ticker_sentiment_score': '0.128892', 'ticker_sentiment_label': 'Neutral'}, {'ticker': 'AMZN', 'relevance_score': '0.066414', 'ticker_sentiment_score': '0.229839', 'ticker_sentiment_label': 'Somewhat-Bullish'}]","stock do consistently well Nvidia ( NASDAQ : NVDA ) past two year . since start 2023 , be around 900 % post incredible return 2023 2024 . question , Nvidia three - peat top performer 2025?2025 likely ...","stock done consist well nvidia ( nasdaq: nvda ) past two years. sinc start 2023, around 900% post incred return 2023 2024. question is, nvidia three-peat top perform 2025?2025 like ...",0.24285714285714285,0.5,POSITIVE,0.9884945750236511
2024-12-11 12:00:00,0.289344,Somewhat-Bullish,"[{'ticker': 'LNVGF', 'relevance_score': '0.072545', 'ticker_sentiment_score': '-0.015246', 'ticker_sentiment_label': 'Neutral'}, {'ticker': 'MSFT', 'relevance_score': '0.03631', 'ticker_sentiment_score': '0.0', 'ticker_sentiment_label': 'Neutral'}, {'ticker': 'SSNLF', 'relevance_score': '0.072545', 'ticker_sentiment_score': '0.070433', 'ticker_sentiment_label': 'Neutral'}, {'ticker': 'NVDA', 'relevance_score': '0.03631', 'ticker_sentiment_score': '0.0', 'ticker_sentiment_label': 'Neutral'}, {'ticker': 'AAPL', 'relevance_score': '0.03631', 'ticker_sentiment_score': '0.0', 'ticker_sentiment_label': 'Neutral'}, {'ticker': 'INTC', 'relevance_score': '0.03631', 'ticker_sentiment_score': '0.0', 'ticker_sentiment_label': 'Neutral'}, {'ticker': 'AMD', 'relevance_score': '0.072545', 'ticker_sentiment_score': '0.0', 'ticker_sentiment_label': 'Neutral'}, {'ticker': 'HPQ', 'relevance_score': '0.03631', 'ticker_sentiment_score': '0.0', 'ticker_sentiment_label': 'Neutral'}, {'ticker': 'DELL', 'relevance_score': '0.03631', 'ticker_sentiment_score': '0.0', 'ticker_sentiment_label': 'Neutral'}]","Rockville , MD , Dec. 11 , 2024 ( GLOBE NEWSWIRE ) -- accord new industry report compile Fact . MR , market research competitive intelligence provider , valuation global computer hardware manufacturing market project touch us$ 295.7 billion 2024 expand ...","rockville, md, dec. 11, 2024 ( globe newswir ) -- accord new industri report compil fact.mr, market research competit intellig provider, valuat global comput hardwar manufactur market project touch us$ 295.7 billion 2024 expand ...",0.06818181818181818,0.22727272727272727,POSITIVE,0.9753085374832153
2024-12-11 11:20:08,0.24455,Somewhat-Bullish,"[{'ticker': 'MSFT', 'relevance_score': '0.126784', 'ticker_sentiment_score': '0.069436', 'ticker_sentiment_label': 'Neutral'}, {'ticker': 'NVDA', 'relevance_score': '0.126784', 'ticker_sentiment_score': '0.069436', 'ticker_sentiment_label': 'Neutral'}, {'ticker': 'AAPL', 'relevance_score': '0.126784', 'ticker_sentiment_score': '0.069436', 'ticker_sentiment_label': 'Neutral'}, {'ticker': 'IVZ', 'relevance_score': '0.126784', 'ticker_sentiment_score': '0.105557', 'ticker_sentiment_label': 'Neutral'}]",Style Box ETF report VONG ...,style box etf report vong ...,0.0,0.0,NEGATIVE,0.9949959516525269
2024-12-11 11:20:06,0.17521,Somewhat-Bullish,"[{'ticker': 'MSFT', 'relevance_score': '0.132368', 'ticker_sentiment_score': '0.051927', 'ticker_sentiment_label': 'Neutral'}, {'ticker': 'NVDA', 'relevance_score': '0.132368', 'ticker_sentiment_score': '0.051927', 'ticker_sentiment_label': 'Neutral'}, {'ticker': 'AAPL', 'relevance_score': '0.132368', 'ticker_sentiment_score': '0.051927', 'ticker_sentiment_label': 'Neutral'}]",sector etf report ...,sector etf report ...,0.0,0.0,NEGATIVE,0.8860077261924744
2024-12-11 09:39:24,0.329822,Somewhat-Bullish,"[{'ticker': 'AAPL', 'relevance_score': '0.350564', 'ticker_sentiment_score': '0.189388', 'ticker_sentiment_label': 'Somewhat-Bullish'}, {'ticker': 'TSLA', 'relevance_score': '0.120431', 'ticker_sentiment_score': '-0.141974', 'ticker_sentiment_label': 'Neutral'}]","Tuesday , Apple Inc. AAPL CEO Tim Cook 's post meet "" slow Horses "" star Jack Lowden draw unexpected reaction Tesla Inc. CEO Elon Musk , generate speculation among social medium user .","tuesday, appl inc. aapl ceo tim cook' post meet ""slow horses"" star jack lowden drew unexpect reaction tesla inc. ceo elon musk, gener specul among social media users.",-0.05555555555555557,0.4888888888888889,POSITIVE,0.99605393409729
2024-12-11 08:12:30,0.208055,Somewhat-Bullish,"[{'ticker': 'MSFT', 'relevance_score': '0.162255', 'ticker_sentiment_score': '0.160552', 'ticker_sentiment_label': 'Somewhat-Bullish'}, {'ticker': 'GOOG', 'relevance_score': '0.241284', 'ticker_sentiment_score': '0.238132', 'ticker_sentiment_label': 'Somewhat-Bullish'}, {'ticker': 'NVDA', 'relevance_score': '0.241284', 'ticker_sentiment_score': '0.238132', 'ticker_sentiment_label': 'Somewhat-Bullish'}, {'ticker': 'AAPL', 'relevance_score': '0.241284', 'ticker_sentiment_score': '0.238132', 'ticker_sentiment_label': 'Somewhat-Bullish'}, {'ticker': 'TSLA', 'relevance_score': '0.694113', 'ticker_sentiment_score': '0.163837', 'ticker_sentiment_label': 'Somewhat-Bullish'}, {'ticker': 'MS', 'relevance_score': '0.081552', 'ticker_sentiment_score': '-0.049862', 'ticker_sentiment_label': 'Neutral'}]","Gene Munster , managing partner Deepwater Asset Management , assert Tesla Inc. TSLA innovative company , surpass tech giant like Apple Inc. AAPL , Alphabet Inc. GOOG GOOGL , Nvidia Corporation NVDA .","gene munster, manag partner deepwat asset management, assert tesla inc. tsla innov company, surpass tech giant like appl inc. aapl, alphabet inc. goog googl, nvidia corpor nvda.",0.5,0.75,POSITIVE,0.9989264607429504
2024-12-11 07:42:08,0.078478,Neutral,"[{'ticker': 'GRMN', 'relevance_score': '0.239305', 'ticker_sentiment_score': '0.0', 'ticker_sentiment_label': 'Neutral'}, {'ticker': 'AAPL', 'relevance_score': '0.639128', 'ticker_sentiment_score': '0.201759', 'ticker_sentiment_label': 'Somewhat-Bullish'}]","Apple Inc. AAPL reportedly set introduce satellite texting non - invasive blood pressure tool upcoming Watch Ultra . happen : satellite feature allow user send text via Globalstar Inc. 's gsat satellite without cellular Wi - Fi , report Bloomberg , cite ...","appl inc. aapl reportedli set introduc satellit text non-invas blood pressur tool upcom watch ultra. happened: satellit featur allow user send text via globalstar inc.' gsat satellit without cellular wi-fi, report bloomberg, cite ...",0.0,0.0,NEGATIVE,0.9978583455085754
2024-12-10 16:02:00,0.305285,Somewhat-Bullish,"[{'ticker': 'HPQ', 'relevance_score': '0.353338', 'ticker_sentiment_score': '0.443754', 'ticker_sentiment_label': 'Bullish'}, {'ticker': 'AAPL', 'relevance_score': '0.081138', 'ticker_sentiment_score': '0.141791', 'ticker_sentiment_label': 'Neutral'}, {'ticker': 'DELL', 'relevance_score': '0.081138', 'ticker_sentiment_score': '0.141791', 'ticker_sentiment_label': 'Neutral'}]","HP 's 21 % YTD rise impressive , valuation market challenge suggest hold stock steady long - term gain .","hp' 21% ytd rise impressive, valuat market challeng suggest hold stock steadi long-term gains.",0.5833333333333334,0.75,POSITIVE,0.9979270696640015
2024-12-10 16:01:34,0.311893,Somewhat-Bullish,"[{'ticker': 'NFLX', 'relevance_score': '0.154455', 'ticker_sentiment_score': '0.238552', 'ticker_sentiment_label': 'Somewhat-Bullish'}, {'ticker': 'GOOG', 'relevance_score': '0.504646', 'ticker_sentiment_score': '0.294582', 'ticker_sentiment_label': 'Somewhat-Bullish'}, {'ticker': 'AAPL', 'relevance_score': '0.154455', 'ticker_sentiment_score': '-0.070855', 'ticker_sentiment_label': 'Neutral'}, {'ticker': 'CCZ', 'relevance_score': '0.077593', 'ticker_sentiment_score': '0.164431', 'ticker_sentiment_label': 'Somewhat-Bullish'}, {'ticker': 'CRWD', 'relevance_score': '0.154455', 'ticker_sentiment_score': '-0.216083', 'ticker_sentiment_label': 'Somewhat-Bearish'}]","look top search item , news story people Google 2024 . 2024 U.S. presidential election draw huge attention people around world . get Monthly Picks Market 's Fastest Movers 2024 draw close , leave behind series impactful memorable news ...","look top search items, news stori peopl googl 2024. 2024 u.s. presidenti elect drew huge attent peopl around world. get monthli pick market' fastest mover 2024 draw close, leav behind seri impact memor news ...",0.25,0.7749999999999999,POSITIVE,0.9996826648712158
2024-12-10 15:00:28,0.267657,Somewhat-Bullish,"[{'ticker': 'AAPL', 'relevance_score': '0.511256', 'ticker_sentiment_score': '0.338347', 'ticker_sentiment_label': 'Somewhat-Bullish'}]","ever - evolve intensely competitive business landscape , conduct thorough company analysis utmost importance investor industry follower .","ever-evolv intens competit busi landscape, conduct thorough compani analysi utmost import investor industri followers.",0.2,1.0,POSITIVE,0.9997172951698303
2024-12-10 14:10:15,0.225041,Somewhat-Bullish,"[{'ticker': 'AMD', 'relevance_score': '0.213988', 'ticker_sentiment_score': '0.0', 'ticker_sentiment_label': 'Neutral'}, {'ticker': 'SSNLF', 'relevance_score': '0.213988', 'ticker_sentiment_score': '0.033379', 'ticker_sentiment_label': 'Neutral'}, {'ticker': 'NVDA', 'relevance_score': '0.316168', 'ticker_sentiment_score': '0.201757', 'ticker_sentiment_label': 'Somewhat-Bullish'}, {'ticker': 'AAPL', 'relevance_score': '0.316168', 'ticker_sentiment_score': '0.201757', 'ticker_sentiment_label': 'Somewhat-Bullish'}, {'ticker': 'TSM', 'relevance_score': '0.316168', 'ticker_sentiment_score': '0.027758', 'ticker_sentiment_label': 'Neutral'}]","Taiwan Semiconductor Manufacturing Co TSM report topline growth 34 % year - - year $ 8.55 billion November 2024 . revenue January November 2024 grow 31.8 % year year $ 81.05 billion , testimony continue artificial intelligence frenzy .","taiwan semiconductor manufactur Co tsm report toplin growth 34% year-on-year $8.55 billion novemb 2024. revenu januari novemb 2024 grew 31.8% year year $81.05 billion, testimoni continu artifici intellig frenzy.",-0.6,1.0,POSITIVE,0.9239524602890015
2024-12-10 14:00:14,0.243822,Somewhat-Bullish,"[{'ticker': 'AAPL', 'relevance_score': '0.484798', 'ticker_sentiment_score': '0.172898', 'ticker_sentiment_label': 'Somewhat-Bullish'}]","Apple ( AAPL ) receive quite bit attention Zacks.com user lately . therefore , wise aware fact impact stock 's prospect .","appl (aapl) receiv quit bit attent zacks.com user lately. therefore, wise awar fact impact stock' prospects.",0.21666666666666665,0.5833333333333334,POSITIVE,0.9904149770736694
2024-12-10 12:15:00,0.235557,Somewhat-Bullish,"[{'ticker': 'MSFT', 'relevance_score': '0.056808', 'ticker_sentiment_score': '0.063928', 'ticker_sentiment_label': 'Neutral'}, {'ticker': 'NFLX', 'relevance_score': '0.056808', 'ticker_sentiment_score': '-0.069928', 'ticker_sentiment_label': 'Neutral'}, {'ticker': 'META', 'relevance_score': '0.056808', 'ticker_sentiment_score': '-0.069928', 'ticker_sentiment_label': 'Neutral'}, {'ticker': 'NVDA', 'relevance_score': '0.774258', 'ticker_sentiment_score': '0.458269', 'ticker_sentiment_label': 'Bullish'}, {'ticker': 'AAPL', 'relevance_score': '0.113329', 'ticker_sentiment_score': '0.084003', 'ticker_sentiment_label': 'Neutral'}, {'ticker': 'TSLA', 'relevance_score': '0.056808', 'ticker_sentiment_score': '-0.069928', 'ticker_sentiment_label': 'Neutral'}, {'ticker': 'BRK-A', 'relevance_score': '0.056808', 'ticker_sentiment_score': '0.148963', 'ticker_sentiment_label': 'Neutral'}, {'ticker': 'XOM', 'relevance_score': '0.056808', 'ticker_sentiment_score': '0.148963', 'ticker_sentiment_label': 'Neutral'}, {'ticker': 'AMZN', 'relevance_score': '0.056808', 'ticker_sentiment_score': '-0.069928', 'ticker_sentiment_label': 'Neutral'}, {'ticker': 'UNH', 'relevance_score': '0.056808', 'ticker_sentiment_score': '0.148963', 'ticker_sentiment_label': 'Neutral'}]","Nvidia ( NASDAQ : NVDA ) follow unbelievable 2023 performance another jaw - drop year - - date gain 180 % time writing . Nvidia 's earning continue impress , expectation even growth 2025.however , investor may concern ...","nvidia ( nasdaq: nvda ) follow unbeliev 2023 perform anoth jaw-drop year-to-d gain 180% time writing. nvidia' earn continu impress, expect even growth 2025.however, investor may concern ...",0.125,0.75,POSITIVE,0.9985993504524231
2024-12-10 11:45:00,0.214468,Somewhat-Bullish,"[{'ticker': 'MSFT', 'relevance_score': '0.089629', 'ticker_sentiment_score': '0.177049', 'ticker_sentiment_label': 'Somewhat-Bullish'}, {'ticker': 'NVDA', 'relevance_score': '0.13409', 'ticker_sentiment_score': '0.151772', 'ticker_sentiment_label': 'Somewhat-Bullish'}, {'ticker': 'AAPL', 'relevance_score': '0.044885', 'ticker_sentiment_score': '0.041776', 'ticker_sentiment_label': 'Neutral'}, {'ticker': 'CSCO', 'relevance_score': '0.044885', 'ticker_sentiment_score': '-0.004979', 'ticker_sentiment_label': 'Neutral'}, {'ticker': 'AMZN', 'relevance_score': '0.044885', 'ticker_sentiment_score': '0.220104', 'ticker_sentiment_label': 'Somewhat-Bullish'}]","S&P 500 ( SNPINDEX : ^gspc ) way second straight year outsized return . generate total return 26.3 % last year , include dividend , be 29 % year , writing . lead pundit question whether market become ...","s&p 500 ( snpindex: ^gspc ) way second straight year outsiz returns. gener total return 26.3% last year, includ dividends, 29% year, writing. led pundit question whether market becom ...",0.13,0.4133333333333333,NEGATIVE,0.9896008372306824
2024-12-10 11:30:00,0.300627,Somewhat-Bullish,"[{'ticker': 'PYPL', 'relevance_score': '0.064797', 'ticker_sentiment_score': '0.136424', 'ticker_sentiment_label': 'Neutral'}, {'ticker': 'AAPL', 'relevance_score': '0.064797', 'ticker_sentiment_score': '0.136424', 'ticker_sentiment_label': 'Neutral'}, {'ticker': 'V', 'relevance_score': '0.535653', 'ticker_sentiment_score': '0.444658', 'ticker_sentiment_label': 'Bullish'}, {'ticker': 'BRK-A', 'relevance_score': '0.064797', 'ticker_sentiment_score': '0.255731', 'ticker_sentiment_label': 'Somewhat-Bullish'}]","since Visa 's ( NYSE : v ) initial public offering March 2008 , share produce total return ( include reinvested dividend ) 2,380 % . tremendous performance absolutely trounce 552 % total return S&P 500 index generate period .","sinc visa' ( nyse: V ) initi public offer march 2008, share produc total return ( includ reinvest dividend ) 2,380%. tremend perform absolut trounc 552% total return s&p 500 index gener period.",0.07619047619047618,0.5130952380952382,POSITIVE,0.9735832214355469
2024-12-10 11:00:00,0.241042,Somewhat-Bullish,"[{'ticker': 'MSFT', 'relevance_score': '0.114682', 'ticker_sentiment_score': '0.042258', 'ticker_sentiment_label': 'Neutral'}, {'ticker': 'NVDA', 'relevance_score': '0.114682', 'ticker_sentiment_score': '0.087681', 'ticker_sentiment_label': 'Neutral'}, {'ticker': 'AAPL', 'relevance_score': '0.114682', 'ticker_sentiment_score': '0.042258', 'ticker_sentiment_label': 'Neutral'}, {'ticker': 'AMZN', 'relevance_score': '0.114682', 'ticker_sentiment_score': '0.087681', 'ticker_sentiment_label': 'Neutral'}]","stock soar last two year since late bull market begin , could fantastic opportunity load new investment . one simple easy way generate wealth invest exchange - trade fund ( etfs ) , bundle security ...","stock soar last two year sinc latest bull market began, could fantast opportun load new investments.on simplest easiest way gener wealth invest exchange-trad fund ( etf ) , bundl secur ...",0.2590909090909091,0.5803030303030303,POSITIVE,0.9990904331207275
2024-12-10 10:41:34,0.212224,Somewhat-Bullish,"[{'ticker': 'NYT', 'relevance_score': '0.085324', 'ticker_sentiment_score': '0.25384', 'ticker_sentiment_label': 'Somewhat-Bullish'}, {'ticker': 'META', 'relevance_score': '0.085324', 'ticker_sentiment_score': '0.207101', 'ticker_sentiment_label': 'Somewhat-Bullish'}, {'ticker': 'AAPL', 'relevance_score': '0.085324', 'ticker_sentiment_score': '0.1522', 'ticker_sentiment_label': 'Somewhat-Bullish'}, {'ticker': 'TSLA', 'relevance_score': '0.085324', 'ticker_sentiment_score': '-0.064573', 'ticker_sentiment_label': 'Neutral'}, {'ticker': 'AMZN', 'relevance_score': '0.479683', 'ticker_sentiment_score': '0.229389', 'ticker_sentiment_label': 'Somewhat-Bullish'}]","President - elect Donald Trump disclose plan dinner Amazon Inc. AMZN founder Jeff Bezos . happen : Meet Press interview Kristen Welker Sunday , Trump say follow Nov. 5 win , get call many people .","president-elect donald trump disclos plan dinner amazon inc. amzn founder jeff bezos. happened: meet press interview kristen welker sunday, trump said follow nov. 5 win, got call mani people.",0.43333333333333335,0.3333333333333333,NEGATIVE,0.7823593020439148
2024-12-10 09:21:00,0.318519,Somewhat-Bullish,"[{'ticker': 'MSFT', 'relevance_score': '0.05387', 'ticker_sentiment_score': '0.012977', 'ticker_sentiment_label': 'Neutral'}, {'ticker': 'META', 'relevance_score': '0.107495', 'ticker_sentiment_score': '0.069251', 'ticker_sentiment_label': 'Neutral'}, {'ticker': 'NVDA', 'relevance_score': '0.160633', 'ticker_sentiment_score': '0.229247', 'ticker_sentiment_label': 'Somewhat-Bullish'}, {'ticker': 'AAPL', 'relevance_score': '0.107495', 'ticker_sentiment_score': '0.199648', 'ticker_sentiment_label': 'Somewhat-Bullish'}, {'ticker': 'AMZN', 'relevance_score': '0.107495', 'ticker_sentiment_score': '0.069251', 'ticker_sentiment_label': 'Neutral'}]","exchange - trade fund hold top - perform growth stock S&P 500 , ignore rest .","exchange-trad fund hold top-perform growth stock s&p 500, ignor rest.",0.0,1.0,NEGATIVE,0.9993346333503723
2024-12-10 09:15:21,0.134309,Neutral,"[{'ticker': 'MSFT', 'relevance_score': '0.246999', 'ticker_sentiment_score': '0.088508', 'ticker_sentiment_label': 'Neutral'}, {'ticker': 'GOOG', 'relevance_score': '0.166169', 'ticker_sentiment_score': '0.266582', 'ticker_sentiment_label': 'Somewhat-Bullish'}, {'ticker': 'META', 'relevance_score': '0.166169', 'ticker_sentiment_score': '0.266582', 'ticker_sentiment_label': 'Somewhat-Bullish'}, {'ticker': 'NVDA', 'relevance_score': '0.166169', 'ticker_sentiment_score': '0.266582', 'ticker_sentiment_label': 'Somewhat-Bullish'}, {'ticker': 'AAPL', 'relevance_score': '0.166169', 'ticker_sentiment_score': '0.070216', 'ticker_sentiment_label': 'Neutral'}, {'ticker': 'TSLA', 'relevance_score': '0.654859', 'ticker_sentiment_score': '0.244887', 'ticker_sentiment_label': 'Somewhat-Bullish'}]","Tesla Inc. tsla ceo Elon Musk quip x Microsoft Corp. MSFT co - founder Bill Gates could face bankruptcy Tesla become "" world 's valuable company far , "" escalate long - run dispute Gates ' short position electric vehicle maker .","tesla inc. tsla ceo elon musk quip X microsoft corp. msft co-found bill gate could face bankruptci tesla becom ""the world' valuabl compani far,"" escal long-run disput gates' short posit electr vehicl maker.",0.19999999999999998,0.6,NEGATIVE,0.9922512173652649
2024-12-10 01:51:30,0.097901,Neutral,"[{'ticker': 'APG', 'relevance_score': '0.068896', 'ticker_sentiment_score': '0.129517', 'ticker_sentiment_label': 'Neutral'}, {'ticker': 'NVDA', 'relevance_score': '0.612716', 'ticker_sentiment_score': '0.225472', 'ticker_sentiment_label': 'Somewhat-Bullish'}, {'ticker': 'AAPL', 'relevance_score': '0.068896', 'ticker_sentiment_score': '0.190966', 'ticker_sentiment_label': 'Somewhat-Bullish'}]","Monday , China launch antitrust investigation Nvidia Corporation NVDA . however , top analyst maintain case may go unresolved .","monday, china launch antitrust investig nvidia corpor nvda. however, top analyst maintain case may go unresolved.",0.5,0.5,NEGATIVE,0.9979548454284668
2024-12-09 19:15:00,0.325282,Somewhat-Bullish,"[{'ticker': 'NFLX', 'relevance_score': '0.041502', 'ticker_sentiment_score': '0.152082', 'ticker_sentiment_label': 'Somewhat-Bullish'}, {'ticker': 'GOOG', 'relevance_score': '0.103509', 'ticker_sentiment_score': '0.14031', 'ticker_sentiment_label': 'Neutral'}, {'ticker': 'META', 'relevance_score': '0.020758', 'ticker_sentiment_score': '0.158367', 'ticker_sentiment_label': 'Somewhat-Bullish'}, {'ticker': 'ROKU', 'relevance_score': '0.020758', 'ticker_sentiment_score': '0.0', 'ticker_sentiment_label': 'Neutral'}, {'ticker': 'AAPL', 'relevance_score': '0.020758', 'ticker_sentiment_score': '0.0', 'ticker_sentiment_label': 'Neutral'}, {'ticker': 'IHRT', 'relevance_score': '0.020758', 'ticker_sentiment_score': '0.0', 'ticker_sentiment_label': 'Neutral'}, {'ticker': 'SPOT', 'relevance_score': '0.062217', 'ticker_sentiment_score': '0.142217', 'ticker_sentiment_label': 'Neutral'}, {'ticker': 'BIDU', 'relevance_score': '0.020758', 'ticker_sentiment_score': '0.0', 'ticker_sentiment_label': 'Neutral'}, {'ticker': 'GCI', 'relevance_score': '0.020758', 'ticker_sentiment_score': '0.0', 'ticker_sentiment_label': 'Neutral'}, {'ticker': 'TCTZF', 'relevance_score': '0.020758', 'ticker_sentiment_score': '0.0', 'ticker_sentiment_label': 'Neutral'}, {'ticker': 'DIS', 'relevance_score': '0.020758', 'ticker_sentiment_score': '0.0', 'ticker_sentiment_label': 'Neutral'}, {'ticker': 'MSFT', 'relevance_score': '0.020758', 'ticker_sentiment_score': '0.0', 'ticker_sentiment_label': 'Neutral'}, {'ticker': 'NNMTF', 'relevance_score': '0.020758', 'ticker_sentiment_score': '0.0', 'ticker_sentiment_label': 'Neutral'}, {'ticker': 'SNEJF', 'relevance_score': '0.020758', 'ticker_sentiment_score': '0.0', 'ticker_sentiment_label': 'Neutral'}, {'ticker': 'CCZ', 'relevance_score': '0.020758', 'ticker_sentiment_score': '0.0', 'ticker_sentiment_label': 'Neutral'}, {'ticker': 'EA', 'relevance_score': '0.020758', 'ticker_sentiment_score': '0.0', 'ticker_sentiment_label': 'Neutral'}]","NEW YORK , Dec. 9 , 2024 /PRNewswire/ -- report AI impact market trend - global digital content market size estimate grow usd 927 billion 2024 - 2028 , accord Technavio . market estimate grow cagr 15.7 % forecast period .","new york, dec. 9, 2024 /prnewswire/ -- report AI impact market trend - global digit content market size estim grow usd 927 billion 2024-2028, accord technavio. market estim grow cagr 15.7% forecast period.",0.04545454545454545,0.15151515151515152,NEGATIVE,0.662213921546936
2024-12-09 18:58:00,0.308343,Somewhat-Bullish,"[{'ticker': 'NVDA', 'relevance_score': '0.038131', 'ticker_sentiment_score': '0.059158', 'ticker_sentiment_label': 'Neutral'}, {'ticker': 'AAPL', 'relevance_score': '0.038131', 'ticker_sentiment_score': '0.059158', 'ticker_sentiment_label': 'Neutral'}, {'ticker': 'NCBDF', 'relevance_score': '0.038131', 'ticker_sentiment_score': '0.059158', 'ticker_sentiment_label': 'Neutral'}, {'ticker': 'NTDOF', 'relevance_score': '0.038131', 'ticker_sentiment_score': '0.059158', 'ticker_sentiment_label': 'Neutral'}, {'ticker': 'SQNXF', 'relevance_score': '0.038131', 'ticker_sentiment_score': '0.059158', 'ticker_sentiment_label': 'Neutral'}, {'ticker': 'UBSFF', 'relevance_score': '0.038131', 'ticker_sentiment_score': '0.059158', 'ticker_sentiment_label': 'Neutral'}, {'ticker': 'TCTZF', 'relevance_score': '0.038131', 'ticker_sentiment_score': '0.175212', 'ticker_sentiment_label': 'Somewhat-Bullish'}, {'ticker': 'DIS', 'relevance_score': '0.038131', 'ticker_sentiment_score': '0.059158', 'ticker_sentiment_label': 'Neutral'}, {'ticker': 'MSFT', 'relevance_score': '0.038131', 'ticker_sentiment_score': '0.059158', 'ticker_sentiment_label': 'Neutral'}, {'ticker': 'NTES', 'relevance_score': '0.038131', 'ticker_sentiment_score': '0.059158', 'ticker_sentiment_label': 'Neutral'}, {'ticker': 'SNEJF', 'relevance_score': '0.038131', 'ticker_sentiment_score': '0.059158', 'ticker_sentiment_label': 'Neutral'}, {'ticker': 'DNACF', 'relevance_score': '0.038131', 'ticker_sentiment_score': '0.059158', 'ticker_sentiment_label': 'Neutral'}, {'ticker': 'EA', 'relevance_score': '0.038131', 'ticker_sentiment_score': '0.059158', 'ticker_sentiment_label': 'Neutral'}, {'ticker': 'BOWL', 'relevance_score': '0.038131', 'ticker_sentiment_score': '0.059158', 'ticker_sentiment_label': 'Neutral'}]","NEW YORK , Dec. 9 , 2024 /PRNewswire/ -- report AI drive market transformation - global gaming market size estimate grow usd 117.2 billion 2024 - 2028 , accord Technavio . market estimate grow CAGR 9.56 % forecast period .","new york, dec. 9, 2024 /prnewswire/ -- report AI drive market transform - global game market size estim grow usd 117.2 billion 2024-2028, accord technavio. market estim grow cagr 9.56% forecast period.",0.06818181818181818,0.22727272727272727,POSITIVE,0.5101452469825745
2024-12-09 18:27:33,0.33589,Somewhat-Bullish,"[{'ticker': 'SSNLF', 'relevance_score': '0.291182', 'ticker_sentiment_score': '0.25509', 'ticker_sentiment_label': 'Somewhat-Bullish'}, {'ticker': 'AAPL', 'relevance_score': '0.19661', 'ticker_sentiment_score': '0.063532', 'ticker_sentiment_label': 'Neutral'}, {'ticker': 'GFS', 'relevance_score': '0.381463', 'ticker_sentiment_score': '0.486192', 'ticker_sentiment_label': 'Bullish'}, {'ticker': 'TSM', 'relevance_score': '0.291182', 'ticker_sentiment_score': '0.0', 'ticker_sentiment_label': 'Neutral'}]",Taiwan Semiconductor Manufacturing Co TSM maintain global wafer foundry business turf third quarter 2024 .,taiwan semiconductor manufactur Co tsm maintain global wafer foundri busi turf third quarter 2024.,0.0,0.0,POSITIVE,0.7358329892158508
2024-12-09 17:56:33,0.176949,Somewhat-Bullish,"[{'ticker': 'MSFT', 'relevance_score': '0.07446', 'ticker_sentiment_score': '-0.172851', 'ticker_sentiment_label': 'Somewhat-Bearish'}, {'ticker': 'GOOG', 'relevance_score': '0.07446', 'ticker_sentiment_score': '-0.172851', 'ticker_sentiment_label': 'Somewhat-Bearish'}, {'ticker': 'META', 'relevance_score': '0.07446', 'ticker_sentiment_score': '0.0', 'ticker_sentiment_label': 'Neutral'}, {'ticker': 'NVDA', 'relevance_score': '0.184739', 'ticker_sentiment_score': '-0.135519', 'ticker_sentiment_label': 'Neutral'}, {'ticker': 'AAPL', 'relevance_score': '0.07446', 'ticker_sentiment_score': '0.0', 'ticker_sentiment_label': 'Neutral'}, {'ticker': 'TSLA', 'relevance_score': '0.07446', 'ticker_sentiment_score': '0.268492', 'ticker_sentiment_label': 'Somewhat-Bullish'}, {'ticker': 'IVZ', 'relevance_score': '0.037271', 'ticker_sentiment_score': '0.242424', 'ticker_sentiment_label': 'Somewhat-Bullish'}, {'ticker': 'CRYPTO:BTC', 'relevance_score': '0.148273', 'ticker_sentiment_score': '-0.051167', 'ticker_sentiment_label': 'Neutral'}]","gain edge , need know today . enlarged chart iShares MSCI Turkey ETF TUR . Syria , regime Bashar al - Assad fall lightning fast advance rebel 11 day . Bashar al - Assad 's father Hafez al - Assad seize power military coup November ...","gain edge, need know today. enlarg chart ishar msci turkey etf tur. syria, regim bashar al-assad fallen lightn fast advanc rebel 11 days. bashar al-assad' father hafez al-assad seiz power militari coup novemb ...",0.05,0.35,NEGATIVE,0.9668303728103638
2024-12-09 15:19:27,-0.192476,Somewhat-Bearish,"[{'ticker': 'MSFT', 'relevance_score': '0.585687', 'ticker_sentiment_score': '-0.450977', 'ticker_sentiment_label': 'Bearish'}, {'ticker': 'META', 'relevance_score': '0.585687', 'ticker_sentiment_score': '-0.450977', 'ticker_sentiment_label': 'Bearish'}, {'ticker': 'NVDA', 'relevance_score': '0.692465', 'ticker_sentiment_score': '-0.299976', 'ticker_sentiment_label': 'Somewhat-Bearish'}, {'ticker': 'AAPL', 'relevance_score': '0.16171', 'ticker_sentiment_score': '-0.190449', 'ticker_sentiment_label': 'Somewhat-Bearish'}, {'ticker': 'TSLA', 'relevance_score': '0.316846', 'ticker_sentiment_score': '-0.312122', 'ticker_sentiment_label': 'Somewhat-Bearish'}, {'ticker': 'AMZN', 'relevance_score': '0.316846', 'ticker_sentiment_score': '-0.312122', 'ticker_sentiment_label': 'Somewhat-Bearish'}]",Nvidia expect generate $ 100 billion free cash flow 2025 .,nvidia expect gener $100 billion free cash flow 2025.,0.15000000000000002,0.6000000000000001,POSITIVE,0.9351736903190613
2024-12-09 15:01:52,0.238865,Somewhat-Bullish,"[{'ticker': 'AAPL', 'relevance_score': '0.473427', 'ticker_sentiment_score': '0.261915', 'ticker_sentiment_label': 'Somewhat-Bullish'}]","dynamic fiercely competitive business environment , conduct thorough analysis company crucial investor industry enthusiast . article , perform extensive industry comparison , evaluate Apple AAPL relation major competitor ...","dynam fierc competit busi environment, conduct thorough analysi compani crucial investor industri enthusiasts. article, perform extens industri comparison, evalu appl aapl relat major competitor ...",0.015625,0.5,POSITIVE,0.9979046583175659
2024-12-09 11:30:00,0.254182,Somewhat-Bullish,"[{'ticker': 'CGNX', 'relevance_score': '0.673559', 'ticker_sentiment_score': '0.318314', 'ticker_sentiment_label': 'Somewhat-Bullish'}, {'ticker': 'AAPL', 'relevance_score': '0.055881', 'ticker_sentiment_score': '0.046902', 'ticker_sentiment_label': 'Neutral'}]","machine vision company Cognex ( NASDAQ : cgnx ) not look like growth stock past couple year , long - term track record growth excellent . moreover , slowdown due combination factor likely prove temporary .","machin vision compani cognex ( nasdaq: cgnx ) look like growth stock past coupl years, long-term track record growth excellent. moreover, slowdown due combin factor like prove temporary.",0.15625,0.65625,POSITIVE,0.9978085160255432
2024-12-09 11:20:05,0.213163,Somewhat-Bullish,"[{'ticker': 'MSFT', 'relevance_score': '0.12013', 'ticker_sentiment_score': '-0.025579', 'ticker_sentiment_label': 'Neutral'}, {'ticker': 'SCHW', 'relevance_score': '0.060236', 'ticker_sentiment_score': '0.117003', 'ticker_sentiment_label': 'Neutral'}, {'ticker': 'AAPL', 'relevance_score': '0.12013', 'ticker_sentiment_score': '-0.025579', 'ticker_sentiment_label': 'Neutral'}, {'ticker': 'BRK-A', 'relevance_score': '0.060236', 'ticker_sentiment_score': '-0.022038', 'ticker_sentiment_label': 'Neutral'}]",Style Box ETF report ...,style box etf report ...,0.0,0.0,NEGATIVE,0.5649746656417847
2024-12-09 10:32:00,0.246705,Somewhat-Bullish,"[{'ticker': 'AAPL', 'relevance_score': '0.783279', 'ticker_sentiment_score': '0.364967', 'ticker_sentiment_label': 'Bullish'}]","be another wonderful year Apple ( NASDAQ : AAPL ) investor . 2024 , share produce total return 27 % ( Dec. 4 ) . kind gain certainly draw attention investor look park capital set sight 2025.the hope Apple ...","anoth wonder year appl ( nasdaq: aapl ) investors. 2024, share produc total return 27% ( dec. 4 ) . kind gain certainli draw attent investor look park capit set sight 2025.the hope appl ...",0.45357142857142857,0.8053571428571429,POSITIVE,0.9995989203453064
2024-12-09 10:27:00,0.124663,Neutral,"[{'ticker': 'NVDA', 'relevance_score': '0.663242', 'ticker_sentiment_score': '0.147226', 'ticker_sentiment_label': 'Neutral'}, {'ticker': 'AAPL', 'relevance_score': '0.058903', 'ticker_sentiment_score': '0.043984', 'ticker_sentiment_label': 'Neutral'}]","10 year ago , Nvidia 's ( NASDAQ : NVDA ) market cap stand $ 11.5 billion . today , company technology giant worth $ 3.5 trillion . stock 304 - bagger decade much growth come last two year . much big Nvidia grow ?","10 year ago, nvidia' ( nasdaq: nvda ) market cap stood $11.5 billion. today, compani technolog giant worth $3.5 trillion. stock 304-bagger decad much growth come last two years.how much bigger nvidia grow?",0.08333333333333333,0.47777777777777786,POSITIVE,0.8539386987686157
2024-12-09 10:16:03,0.012179,Neutral,"[{'ticker': 'SSNLF', 'relevance_score': '0.102888', 'ticker_sentiment_score': '0.286984', 'ticker_sentiment_label': 'Somewhat-Bullish'}, {'ticker': 'GOOG', 'relevance_score': '0.102888', 'ticker_sentiment_score': '0.286984', 'ticker_sentiment_label': 'Somewhat-Bullish'}, {'ticker': 'AAPL', 'relevance_score': '0.102888', 'ticker_sentiment_score': '0.286984', 'ticker_sentiment_label': 'Somewhat-Bullish'}]","think twice grab third - party USB - c charging cable iPhone - hacker may use tool spy . happen : last week , Jon Bruner , technology expert Lumafield , share chilling discovery X , formerly Twitter .","think twice grab third-parti usb-c charg cabl iphon - hacker may use tool spi you. happened: last week, jon bruner, technolog expert lumafield, share chill discoveri X, formerli twitter.",-0.16666666666666666,0.32222222222222224,POSITIVE,0.9603797793388367
2024-12-09 09:14:01,0.116371,Neutral,"[{'ticker': 'AAPL', 'relevance_score': '0.591019', 'ticker_sentiment_score': '0.099151', 'ticker_sentiment_label': 'Neutral'}, {'ticker': 'TSLA', 'relevance_score': '0.901338', 'ticker_sentiment_score': '0.183733', 'ticker_sentiment_label': 'Somewhat-Bullish'}]","Tesla Inc. tsla officially roll Apple Inc. 's AAPL Watch app , allow user transform watch digital key vehicle . happen : Tesla expand ecosystem introduce official Apple Watch app , offer function previously accessible via ...","tesla inc. tsla offici roll appl inc.' aapl watch app, allow user transform watch digit key vehicle. happened: tesla expand ecosystem introduc offici appl watch app, offer function previous access via ...",0.09375,0.59375,POSITIVE,0.8829779028892517
2024-12-09 09:07:00,0.212712,Somewhat-Bullish,"[{'ticker': 'AAPL', 'relevance_score': '0.567746', 'ticker_sentiment_score': '0.150922', 'ticker_sentiment_label': 'Somewhat-Bullish'}, {'ticker': 'MS', 'relevance_score': '0.124809', 'ticker_sentiment_score': '-0.003522', 'ticker_sentiment_label': 'Neutral'}]","Apple Inc. AAPL announce expansion plan Saudi Arabia , mark significant step Middle East growth strategy . tech giant launch first arabic - language online store summer 2025 , follow multiple flagship retail location start 2026 , accord ...","appl inc. aapl announc expans plan saudi arabia, mark signific step middl east growth strategy. tech giant launch first arabic-languag onlin store summer 2025, follow multipl flagship retail locat start 2026, accord ...",0.10416666666666667,0.38472222222222224,POSITIVE,0.9986742734909058
2024-12-09 02:10:59,-0.04612,Neutral,"[{'ticker': 'NYT', 'relevance_score': '0.072655', 'ticker_sentiment_score': '-0.007311', 'ticker_sentiment_label': 'Neutral'}, {'ticker': 'GOOG', 'relevance_score': '0.144708', 'ticker_sentiment_score': '-0.057114', 'ticker_sentiment_label': 'Neutral'}, {'ticker': 'META', 'relevance_score': '0.144708', 'ticker_sentiment_score': '-0.057114', 'ticker_sentiment_label': 'Neutral'}, {'ticker': 'AAPL', 'relevance_score': '0.726144', 'ticker_sentiment_score': '-0.113368', 'ticker_sentiment_label': 'Neutral'}, {'ticker': 'MS', 'relevance_score': '0.072655', 'ticker_sentiment_score': '0.0', 'ticker_sentiment_label': 'Neutral'}]",Apple Inc. AAPL face $ 1.2 billion lawsuit file Saturday U.S. District Court Northern California discontinue child sexual abuse material detection feature .,appl inc. aapl face $1.2 billion lawsuit file saturday u.s. district court northern california discontinu child sexual abus materi detect feature.,0.5,0.8333333333333334,NEGATIVE,0.998218834400177
2024-12-08 21:38:09,0.327786,Somewhat-Bullish,"[{'ticker': 'SNEJF', 'relevance_score': '0.464633', 'ticker_sentiment_score': '0.601322', 'ticker_sentiment_label': 'Bullish'}, {'ticker': 'AAPL', 'relevance_score': '0.678673', 'ticker_sentiment_score': '0.623703', 'ticker_sentiment_label': 'Bullish'}]","Apple Inc. AAPL Sony Corporation SNE reportedly join hand augment gaming capability Vision Pro . Bloomberg columnist Mark Gurman late weekly "" power "" newsletter say enhancement come addition support Sony 's PSVR2 controller .","appl inc. aapl soni corpor sne reportedli join hand augment game capabl vision pro. bloomberg columnist mark gurman latest weekli ""power on"" newslett said enhanc come addit support sony' psvr2 controllers.",0.5,0.9,POSITIVE,0.955166757106781
2024-12-08 14:45:15,0.297439,Somewhat-Bullish,"[{'ticker': 'MSFT', 'relevance_score': '0.126784', 'ticker_sentiment_score': '0.197928', 'ticker_sentiment_label': 'Somewhat-Bullish'}, {'ticker': 'SNEJF', 'relevance_score': '0.126784', 'ticker_sentiment_score': '0.175681', 'ticker_sentiment_label': 'Somewhat-Bullish'}, {'ticker': 'GOOG', 'relevance_score': '0.189175', 'ticker_sentiment_score': '0.147543', 'ticker_sentiment_label': 'Neutral'}, {'ticker': 'META', 'relevance_score': '0.126784', 'ticker_sentiment_score': '0.305439', 'ticker_sentiment_label': 'Somewhat-Bullish'}, {'ticker': 'NVDA', 'relevance_score': '0.126784', 'ticker_sentiment_score': '0.204954', 'ticker_sentiment_label': 'Somewhat-Bullish'}, {'ticker': 'AAPL', 'relevance_score': '0.367865', 'ticker_sentiment_score': '0.211402', 'ticker_sentiment_label': 'Somewhat-Bullish'}, {'ticker': 'BYDDF', 'relevance_score': '0.126784', 'ticker_sentiment_score': '0.204954', 'ticker_sentiment_label': 'Somewhat-Bullish'}]",Federal Bureau Investigation advise Americans adopt encrypt message app safeguard communication . gamer spend time watch gaming content actually play game .,feder bureau investig advis american adopt encrypt messag app safeguard communications. gamer spend time watch game content actual play games.,0.25,0.3,NEGATIVE,0.9950711727142334
2024-12-08 12:50:00,0.242518,Somewhat-Bullish,"[{'ticker': 'GOOG', 'relevance_score': '0.035983', 'ticker_sentiment_score': '0.086919', 'ticker_sentiment_label': 'Neutral'}, {'ticker': 'META', 'relevance_score': '0.143202', 'ticker_sentiment_score': '0.106487', 'ticker_sentiment_label': 'Neutral'}, {'ticker': 'NVDA', 'relevance_score': '0.035983', 'ticker_sentiment_score': '0.197827', 'ticker_sentiment_label': 'Somewhat-Bullish'}, {'ticker': 'AAPL', 'relevance_score': '0.035983', 'ticker_sentiment_score': '0.086919', 'ticker_sentiment_label': 'Neutral'}, {'ticker': 'CRWD', 'relevance_score': '0.247838', 'ticker_sentiment_score': '0.105289', 'ticker_sentiment_label': 'Neutral'}, {'ticker': 'SOUN', 'relevance_score': '0.071892', 'ticker_sentiment_score': '0.057301', 'ticker_sentiment_label': 'Neutral'}, {'ticker': 'PZZA', 'relevance_score': '0.035983', 'ticker_sentiment_score': '0.048399', 'ticker_sentiment_label': 'Neutral'}, {'ticker': 'CMG', 'relevance_score': '0.035983', 'ticker_sentiment_score': '0.048399', 'ticker_sentiment_label': 'Neutral'}, {'ticker': 'AMZN', 'relevance_score': '0.035983', 'ticker_sentiment_score': '0.086919', 'ticker_sentiment_label': 'Neutral'}, {'ticker': 'HMC', 'relevance_score': '0.035983', 'ticker_sentiment_score': '0.086919', 'ticker_sentiment_label': 'Neutral'}]","2025 approach , investor may start think want approach second half decade . give technological trend , stock drive artificial intelligence ( AI ) likely continue prosper . emergence ChatGPT help make Nvidia AI stock decade 's ...","2025 approaches, investor may start think want approach second half decade. given technolog trends, stock driven artifici intellig ( AI ) like continu prosper.th emerg chatgpt help make nvidia AI stock decade' ...",-0.19166666666666665,0.5416666666666667,POSITIVE,0.9974738955497742
2024-12-08 12:00:16,0.160463,Somewhat-Bullish,"[{'ticker': 'QCOM', 'relevance_score': '0.227007', 'ticker_sentiment_score': '0.133063', 'ticker_sentiment_label': 'Neutral'}, {'ticker': 'AAPL', 'relevance_score': '0.436009', 'ticker_sentiment_score': '0.170902', 'ticker_sentiment_label': 'Somewhat-Bullish'}]","weekend abuzz news tech giant Apple Inc. AAPL . development - house modem anticipated launch foldable iPhone , company make wave tech industry . be quick round - top story unfold weekend .","weekend abuzz news tech giant appl inc. aapl. develop in-hous modem anticip launch foldabl iphone, compani make wave tech industry. here' quick round-up top stori unfold weekend.",0.27777777777777773,0.6666666666666666,POSITIVE,0.9988747239112854
2024-12-08 10:05:00,0.22263,Somewhat-Bullish,"[{'ticker': 'AAPL', 'relevance_score': '0.040829', 'ticker_sentiment_score': '0.085457', 'ticker_sentiment_label': 'Neutral'}, {'ticker': 'KO', 'relevance_score': '0.081552', 'ticker_sentiment_score': '0.0', 'ticker_sentiment_label': 'Neutral'}, {'ticker': 'MNST', 'relevance_score': '0.040829', 'ticker_sentiment_score': '0.085457', 'ticker_sentiment_label': 'Neutral'}, {'ticker': 'JNJ', 'relevance_score': '0.040829', 'ticker_sentiment_score': '0.0', 'ticker_sentiment_label': 'Neutral'}, {'ticker': 'PG', 'relevance_score': '0.081552', 'ticker_sentiment_score': '0.0', 'ticker_sentiment_label': 'Neutral'}, {'ticker': 'WMT', 'relevance_score': '0.122062', 'ticker_sentiment_score': '0.009248', 'ticker_sentiment_label': 'Neutral'}]","investor look reliable dividend - pay company , typically consider factor track record pay raise dividend time , company industry leader , grow business support high dividend expense , dividend ...","investor look reliabl dividend-pay companies, typic consid factor track record pay rais dividend time, compani industri leader, grow busi support higher dividend expense, dividend ...",0.02777777777777778,0.5,NEGATIVE,0.9369717836380005
2024-12-07 23:18:00,0.08232,Neutral,"[{'ticker': 'AAPL', 'relevance_score': '0.036476', 'ticker_sentiment_score': '0.089746', 'ticker_sentiment_label': 'Neutral'}, {'ticker': 'MORN', 'relevance_score': '0.036476', 'ticker_sentiment_score': '0.137134', 'ticker_sentiment_label': 'Neutral'}, {'ticker': 'BAC', 'relevance_score': '0.036476', 'ticker_sentiment_score': '0.089746', 'ticker_sentiment_label': 'Neutral'}, {'ticker': 'GS', 'relevance_score': '0.036476', 'ticker_sentiment_score': '0.104525', 'ticker_sentiment_label': 'Neutral'}, {'ticker': 'BRK-A', 'relevance_score': '0.109123', 'ticker_sentiment_score': '0.039177', 'ticker_sentiment_label': 'Neutral'}, {'ticker': 'KHC', 'relevance_score': '0.352557', 'ticker_sentiment_score': '0.136878', 'ticker_sentiment_label': 'Neutral'}]",Berkshire Hathaway holding be lose ground time mostly market be see big picture .,berkshir hathaway holding' lose ground time mostli market' see bigger picture.,0.25,0.5,NEGATIVE,0.9996436834335327
2024-12-07 23:18:00,0.306511,Somewhat-Bullish,"[{'ticker': 'HD', 'relevance_score': '0.264515', 'ticker_sentiment_score': '0.22737', 'ticker_sentiment_label': 'Somewhat-Bullish'}, {'ticker': 'AAPL', 'relevance_score': '0.363768', 'ticker_sentiment_score': '0.233721', 'ticker_sentiment_label': 'Somewhat-Bullish'}, {'ticker': 'AMZN', 'relevance_score': '0.264515', 'ticker_sentiment_score': '0.26259', 'ticker_sentiment_label': 'Somewhat-Bullish'}]","investor always look potential buying opportunity could big winner time . good place find type situation identify previous winner . help narrow list place park capital . look history , dominant ...","investor alway look potenti buy opportun could big winner time. good place find type situat identifi previou winners. help narrow list place park capital.look history, domin ...",0.02962962962962962,0.425925925925926,POSITIVE,0.9968563318252563
2024-12-07 19:30:14,0.364406,Bullish,"[{'ticker': 'EVR', 'relevance_score': '0.107016', 'ticker_sentiment_score': '0.170835', 'ticker_sentiment_label': 'Somewhat-Bullish'}, {'ticker': 'GOOG', 'relevance_score': '0.498827', 'ticker_sentiment_score': '0.339006', 'ticker_sentiment_label': 'Somewhat-Bullish'}, {'ticker': 'AAPL', 'relevance_score': '0.313484', 'ticker_sentiment_score': '0.304612', 'ticker_sentiment_label': 'Somewhat-Bullish'}]","OpenAI 's chatbot , ChatGPT , gain traction online search market , potentially challenge Google 's GOOGL long - establish supremacy . happen : survey conduct brokerage firm Evercore ISI disclose ChatGPT favor search provider 5 % 1,000 respondent , ...","openai' chatbot, chatgpt, gain traction onlin search market, potenti challeng google' googl long-establish supremacy. happened: survey conduct brokerag firm evercor isi disclos chatgpt favor search provid 5% 1,000 respondents, ...",0.3666666666666667,0.7666666666666666,POSITIVE,0.9930003881454468
2024-12-07 15:00:19,0.216486,Somewhat-Bullish,"[{'ticker': 'AMAT', 'relevance_score': '0.115232', 'ticker_sentiment_score': '-0.035483', 'ticker_sentiment_label': 'Neutral'}, {'ticker': 'META', 'relevance_score': '0.115232', 'ticker_sentiment_score': '0.227231', 'ticker_sentiment_label': 'Somewhat-Bullish'}, {'ticker': 'NVDA', 'relevance_score': '0.172097', 'ticker_sentiment_score': '-0.044184', 'ticker_sentiment_label': 'Neutral'}, {'ticker': 'AAPL', 'relevance_score': '0.115232', 'ticker_sentiment_score': '0.227231', 'ticker_sentiment_label': 'Somewhat-Bullish'}, {'ticker': 'TSLA', 'relevance_score': '0.172097', 'ticker_sentiment_score': '-0.002903', 'ticker_sentiment_label': 'Neutral'}, {'ticker': 'GM', 'relevance_score': '0.115232', 'ticker_sentiment_score': '-0.238496', 'ticker_sentiment_label': 'Somewhat-Bearish'}, {'ticker': 'LRCX', 'relevance_score': '0.115232', 'ticker_sentiment_score': '-0.035483', 'ticker_sentiment_label': 'Neutral'}, {'ticker': 'GS', 'relevance_score': '0.115232', 'ticker_sentiment_score': '-0.238496', 'ticker_sentiment_label': 'Somewhat-Bearish'}, {'ticker': 'GME', 'relevance_score': '0.172097', 'ticker_sentiment_score': '0.0', 'ticker_sentiment_label': 'Neutral'}, {'ticker': 'CRYPTO:BTC', 'relevance_score': '0.228073', 'ticker_sentiment_score': '0.378016', 'ticker_sentiment_label': 'Bullish'}, {'ticker': 'CRYPTO:DOGE', 'relevance_score': '0.115232', 'ticker_sentiment_score': '0.203576', 'ticker_sentiment_label': 'Somewhat-Bullish'}]","Benzinga examine prospect many investor ' favorite stock last week - be look top story . U.S. stock market continue upward momentum , S&P 500 Nasdaq mark third consecutive week gain , rise 0.96 % 3.34 % , respectively , ...","benzinga examin prospect mani investors' favorit stock last week - here' look top stories. u.s. stock market continu upward momentum, s&p 500 nasdaq mark third consecut week gains, rise 0.96% 3.34%, respectively, ...",0.25,0.3611111111111111,POSITIVE,0.9974358677864075
2024-12-07 11:00:15,0.383843,Bullish,"[{'ticker': 'AAPL', 'relevance_score': '0.082677', 'ticker_sentiment_score': '0.247145', 'ticker_sentiment_label': 'Somewhat-Bullish'}, {'ticker': 'BRK-A', 'relevance_score': '0.164468', 'ticker_sentiment_score': '0.465628', 'ticker_sentiment_label': 'Bullish'}, {'ticker': 'TSLA', 'relevance_score': '0.082677', 'ticker_sentiment_score': '0.360225', 'ticker_sentiment_label': 'Bullish'}]","Warren Buffett , CEO Berkshire Hathaway , late Charlie Munger long emphasize critical role integrity , intelligence , energy effective leadership .","warren buffett, ceo berkshir hathaway, late charli munger long emphas critic role integrity, intelligence, energi effect leadership.",0.0625,0.65,POSITIVE,0.9995629191398621
2024-12-07 10:37:00,0.270012,Somewhat-Bullish,"[{'ticker': 'DMPZF', 'relevance_score': '0.148045', 'ticker_sentiment_score': '0.116104', 'ticker_sentiment_label': 'Neutral'}, {'ticker': 'AAPL', 'relevance_score': '0.184457', 'ticker_sentiment_score': '0.178561', 'ticker_sentiment_label': 'Somewhat-Bullish'}, {'ticker': 'ULTA', 'relevance_score': '0.037213', 'ticker_sentiment_score': '0.002899', 'ticker_sentiment_label': 'Neutral'}, {'ticker': 'BAC', 'relevance_score': '0.148045', 'ticker_sentiment_score': '0.098175', 'ticker_sentiment_label': 'Neutral'}, {'ticker': 'SIRI', 'relevance_score': '0.037213', 'ticker_sentiment_score': '0.002899', 'ticker_sentiment_label': 'Neutral'}, {'ticker': 'HEI', 'relevance_score': '0.037213', 'ticker_sentiment_score': '0.002899', 'ticker_sentiment_label': 'Neutral'}, {'ticker': 'DPZ', 'relevance_score': '0.184457', 'ticker_sentiment_score': '0.134393', 'ticker_sentiment_label': 'Neutral'}]",Warren Buffett find good value certain part market .,warren buffett find good valu certain part market.,0.30476190476190473,0.7238095238095239,POSITIVE,0.9970479607582092
2024-12-07 09:09:00,0.171026,Somewhat-Bullish,"[{'ticker': 'MSFT', 'relevance_score': '0.117295', 'ticker_sentiment_score': '0.05475', 'ticker_sentiment_label': 'Neutral'}, {'ticker': 'SSNLF', 'relevance_score': '0.039224', 'ticker_sentiment_score': '0.163775', 'ticker_sentiment_label': 'Somewhat-Bullish'}, {'ticker': 'GOOG', 'relevance_score': '0.269351', 'ticker_sentiment_score': '0.079234', 'ticker_sentiment_label': 'Neutral'}, {'ticker': 'META', 'relevance_score': '0.155954', 'ticker_sentiment_score': '0.022183', 'ticker_sentiment_label': 'Neutral'}, {'ticker': 'NVDA', 'relevance_score': '0.155954', 'ticker_sentiment_score': '0.138729', 'ticker_sentiment_label': 'Neutral'}, {'ticker': 'AAPL', 'relevance_score': '0.039224', 'ticker_sentiment_score': '0.163775', 'ticker_sentiment_label': 'Somewhat-Bullish'}, {'ticker': 'AMD', 'relevance_score': '0.341962', 'ticker_sentiment_score': '0.314666', 'ticker_sentiment_label': 'Somewhat-Bullish'}, {'ticker': 'NET', 'relevance_score': '0.039224', 'ticker_sentiment_score': '-0.036466', 'ticker_sentiment_label': 'Neutral'}]","still much like fundamentally strong , high - quality stock .","still much like fundament strong, high-qual stocks.",0.31666666666666665,0.4666666666666667,POSITIVE,0.9998160004615784
2024-12-07 03:10:20,0.156067,Somewhat-Bullish,"[{'ticker': 'QCOM', 'relevance_score': '0.178459', 'ticker_sentiment_score': '0.0', 'ticker_sentiment_label': 'Neutral'}, {'ticker': 'AAPL', 'relevance_score': '0.740604', 'ticker_sentiment_score': '0.247569', 'ticker_sentiment_label': 'Somewhat-Bullish'}, {'ticker': 'MS', 'relevance_score': '0.089797', 'ticker_sentiment_score': '0.0', 'ticker_sentiment_label': 'Neutral'}]","Apple Inc. AAPL reportedly work modem technology . could result slim iphone introduce cellular capability Macs headset like Vision Pro . happen : Apple develop new modem , internally name Sinope , set debut next year , report ...","appl inc. aapl reportedli work modem technology. could result slimmer iphon introduc cellular capabl mac headset like vision pro. happened: appl develop new modem, intern name sinope, set debut next year, report ...",0.04545454545454545,0.15151515151515152,NEGATIVE,0.9963905215263367
2024-12-06 20:54:40,0.212181,Somewhat-Bullish,"[{'ticker': 'AAPL', 'relevance_score': '0.593896', 'ticker_sentiment_score': '0.365872', 'ticker_sentiment_label': 'Bullish'}, {'ticker': 'MS', 'relevance_score': '0.073546', 'ticker_sentiment_score': '0.023436', 'ticker_sentiment_label': 'Neutral'}]","deep - pocket investor adopt bullish approach towards Apple AAPL , be something market player not ignore . tracking public option record Benzinga unveil significant move today .","deep-pocket investor adopt bullish approach toward appl aapl, someth market player ignore. track public option record benzinga unveil signific move today.",0.1875,0.4708333333333333,POSITIVE,0.999110758304596
